item_id,cpse,cluster_id,raw_description,location,stock_qty,unit_price_inr,target_unspsc
ONGC-100001,ONGC,1,VALVE-GLOBE-BW-3IN-CL600-SS316,Hazira Plant,12,53761,40141612
IOCL-100002,IOCL,1,"VALVE GLOBE, 3"", 600#, AISI 316, BW ENDS",Gujarat Refinery,98,50167,40141612
BPCL-100003,BPCL,1,VALVE GLOBE DN80 600LBS 316SS BUTTWELD,Kochi Refinery,123,53905,40141612
ONGC-100004,ONGC,2,VALVE-BALL-RF-2IN-CL600-WCB,Ankleshwar,7,46425,40141607
IOCL-100005,IOCL,2,"VALVE BALL, 2"", 600#, ASTM A216 WCB, FLGD RF",Paradip,29,43460,40141607
BPCL-100006,BPCL,2,VALVE BALL 50NB 600LBS CAST CS RAISED FACE,Kochi Refinery,70,45317,40141607
ONGC-100007,ONGC,3,VALVE-BALL-BW-8IN-CL800-A105,Hazira Plant,28,45498,40141607
IOCL-100008,IOCL,3,"VALVE BALL, 8"", 800#, ASTM A105, BW ENDS",Gujarat Refinery,127,44063,40141607
BPCL-100009,BPCL,3,VALVE BALL 200NB 800LB FORGED CS BUTTWELD,Bina Refinery,130,44145,40141607
ONGC-100010,ONGC,4,VALVE-GATE-BW-1/2IN-CL150-WCB,Ankleshwar,22,59170,40141611
IOCL-100011,IOCL,4,"VALVE GATE, 1/2"", 150#, ASTM A216 WCB, BW ENDS",Gujarat Refinery,45,60095,40141611
BPCL-100012,BPCL,4,VALVE GATE DN15 150LBS CAST CS BUTTWELD,Bina Refinery,20,60622,40141611
ONGC-100013,ONGC,5,VALVE-CHECK-RF-2IN-CL800-WCB,Mumbai High Offshore,37,40466,40141604
IOCL-100014,IOCL,5,"VALVE CHECK, 2"", 800#, ASTM A216 WCB, FLGD RF",Gujarat Refinery,52,38289,40141604
BPCL-100015,BPCL,5,VALVE CHECK 50NB 800LB CAST CS RAISED FACE,Bina Refinery,89,39826,40141604
ONGC-100016,ONGC,6,VALVE-GATE-BW-6IN-CL150-SS316,Ankleshwar,106,61985,40141611
IOCL-100017,IOCL,6,"VALVE GATE, 6"", 150#, AISI 316, BW ENDS",Gujarat Refinery,116,62318,40141611
BPCL-100018,BPCL,6,VALVE GATE 150MM 150LBS 316SS BUTTWELD,Mumbai Refinery,12,61874,40141611
ONGC-100019,ONGC,7,VALVE-GLOBE-RF-8IN-CL600-SS304,Ankleshwar,17,50037,40141612
IOCL-100020,IOCL,7,"VALVE GLOBE, 8"", 600#, 304SS, FLGD RF",Panipat Refinery,54,52823,40141612
BPCL-100021,BPCL,7,VALVE GLOBE 200NB 600LBS SS304 RAISED FACE,Bina Refinery,117,50772,40141612
ONGC-100022,ONGC,8,GASKET-SPIRAL-WOUND-RF-2IN-CL300-WCB,Ankleshwar,64,5117,31181504
IOCL-100023,IOCL,8,"GASKET SPIRAL WOUND, 2"", 300#, ASTM A216 WCB, FLGD RF",Gujarat Refinery,128,4150,31181504
BPCL-100024,BPCL,8,GASKET SPIRAL WOUND 50NB 300LBS CAST CS RAISED FACE,Mumbai Refinery,123,5436,31181504
ONGC-100025,ONGC,9,VALVE-GATE-RF-6IN-CL150-A105,Uran Trombay,55,59720,40141611
IOCL-100026,IOCL,9,"VALVE GATE, 6"", 150#, ASTM A105, FLGD RF",Mathura Refinery,6,62972,40141611
BPCL-100027,BPCL,9,VALVE GATE 150MM 150LBS FORGED CS RAISED FACE,Kochi Refinery,92,59779,40141611
ONGC-100028,ONGC,10,VALVE-GATE-BW-1/2IN-CL800-WCB,Hazira Plant,44,61723,40141611
IOCL-100029,IOCL,10,"VALVE GATE, 1/2"", 800#, ASTM A216 WCB, BW ENDS",Paradip,121,61772,40141611
BPCL-100030,BPCL,10,VALVE GATE DN15 800LB CAST CS BUTTWELD,Kochi Refinery,96,62288,40141611
ONGC-100031,ONGC,11,VALVE-CHECK-RF-2IN-CL600-WCB,Ankleshwar,9,40887,40141604
IOCL-100032,IOCL,11,"VALVE CHECK, 2"", 600#, ASTM A216 WCB, FLGD RF",Gujarat Refinery,5,39325,40141604
BPCL-100033,BPCL,11,VALVE CHECK 50NB 600LBS CAST CS RAISED FACE,Kochi Refinery,80,36503,40141604
ONGC-100034,ONGC,12,VALVE-BALL-BW-6IN-CL300-A105,Hazira Plant,4,43291,40141607
IOCL-100035,IOCL,12,"VALVE BALL, 6"", 300#, ASTM A105, BW ENDS",Panipat Refinery,47,46314,40141607
BPCL-100036,BPCL,12,VALVE BALL 150MM 300LBS FORGED CS BUTTWELD,Kochi Refinery,26,44998,40141607
ONGC-100037,ONGC,13,GASKET-SPIRAL-WOUND-BW-8IN-CL600-SS316,Mumbai High Offshore,68,4236,31181504
IOCL-100038,IOCL,13,"GASKET SPIRAL WOUND, 8"", 600#, AISI 316, BW ENDS",Panipat Refinery,92,6232,31181504
BPCL-100039,BPCL,13,GASKET SPIRAL WOUND 200NB 600LBS 316SS BUTTWELD,Kochi Refinery,80,3403,31181504
ONGC-100040,ONGC,14,FLANGE-WELD-NECK-BW-1IN-CL600-SS304,Uran Trombay,127,14079,40173308
IOCL-100041,IOCL,14,"FLANGE WELD NECK, 1"", 600#, 304SS, BW ENDS",Gujarat Refinery,136,10549,40173308
BPCL-100042,BPCL,14,FLANGE WELD NECK 25NB 600LBS SS304 BUTTWELD,Mumbai Refinery,12,10987,40173308
ONGC-100043,ONGC,15,VALVE-BALL-RF-4IN-CL800-SS304,Mumbai High Offshore,23,44682,40141607
IOCL-100044,IOCL,15,"VALVE BALL, 4"", 800#, 304SS, FLGD RF",Gujarat Refinery,106,44390,40141607
BPCL-100045,BPCL,15,VALVE BALL 100NB 800LB SS304 RAISED FACE,Kochi Refinery,39,43314,40141607
ONGC-100046,ONGC,16,GASKET-SPIRAL-WOUND-BW-1/2IN-CL800-SS304,Hazira Plant,144,4045,31181504
IOCL-100047,IOCL,16,"GASKET SPIRAL WOUND, 1/2"", 800#, 304SS, BW ENDS",Paradip,133,2510,31181504
BPCL-100048,BPCL,16,GASKET SPIRAL WOUND DN15 800LB SS304 BUTTWELD,Kochi Refinery,31,4103,31181504
ONGC-100049,ONGC,17,GASKET-SPIRAL-WOUND-RF-4IN-CL600-SS304,Mumbai High Offshore,0,4507,31181504
IOCL-100050,IOCL,17,"GASKET SPIRAL WOUND, 4"", 600#, 304SS, FLGD RF",Gujarat Refinery,75,3137,31181504
BPCL-100051,BPCL,17,GASKET SPIRAL WOUND 100NB 600LBS SS304 RAISED FACE,Kochi Refinery,48,4623,31181504
ONGC-100052,ONGC,18,VALVE-GLOBE-RF-1/2IN-CL800-A105,Ankleshwar,96,50908,40141612
IOCL-100053,IOCL,18,"VALVE GLOBE, 1/2"", 800#, ASTM A105, FLGD RF",Panipat Refinery,22,54985,40141612
BPCL-100054,BPCL,18,VALVE GLOBE DN15 800LB FORGED CS RAISED FACE,Mumbai Refinery,66,50443,40141612
ONGC-100055,ONGC,19,VALVE-GLOBE-BW-4IN-CL800-WCB,Hazira Plant,48,54124,40141612
IOCL-100056,IOCL,19,"VALVE GLOBE, 4"", 800#, ASTM A216 WCB, BW ENDS",Paradip,111,52087,40141612
BPCL-100057,BPCL,19,VALVE GLOBE 100NB 800LB CAST CS BUTTWELD,Bina Refinery,83,50670,40141612
ONGC-100058,ONGC,20,VALVE-CHECK-BW-4IN-CL300-WCB,Uran Trombay,13,37132,40141604
IOCL-100059,IOCL,20,"VALVE CHECK, 4"", 300#, ASTM A216 WCB, BW ENDS",Paradip,85,38010,40141604
BPCL-100060,BPCL,20,VALVE CHECK 100NB 300LBS CAST CS BUTTWELD,Bina Refinery,36,36285,40141604
ONGC-100061,ONGC,21,VALVE-BALL-BW-2IN-CL800-A105,Ankleshwar,21,47516,40141607
IOCL-100062,IOCL,21,"VALVE BALL, 2"", 800#, ASTM A105, BW ENDS",Mathura Refinery,18,45621,40141607
BPCL-100063,BPCL,21,VALVE BALL 50NB 800LB FORGED CS BUTTWELD,Bina Refinery,84,43203,40141607
ONGC-100064,ONGC,22,VALVE-GATE-BW-2IN-CL800-SS304,Uran Trombay,144,58944,40141611
IOCL-100065,IOCL,22,"VALVE GATE, 2"", 800#, 304SS, BW ENDS",Panipat Refinery,53,59765,40141611
BPCL-100066,BPCL,22,VALVE GATE 50NB 800LB SS304 BUTTWELD,Kochi Refinery,76,62217,40141611
ONGC-100067,ONGC,23,VALVE-CHECK-BW-1IN-CL150-SS316,Mumbai High Offshore,70,37938,40141604
IOCL-100068,IOCL,23,"VALVE CHECK, 1"", 150#, AISI 316, BW ENDS",Mathura Refinery,27,37612,40141604
BPCL-100069,BPCL,23,VALVE CHECK 25NB 150LBS 316SS BUTTWELD,Mumbai Refinery,136,36389,40141604
ONGC-100070,ONGC,24,VALVE-GATE-BW-1IN-CL800-SS316,Hazira Plant,80,59129,40141611
IOCL-100071,IOCL,24,"VALVE GATE, 1"", 800#, AISI 316, BW ENDS",Paradip,61,60964,40141611
BPCL-100072,BPCL,24,VALVE GATE 25NB 800LB 316SS BUTTWELD,Mumbai Refinery,53,59144,40141611
ONGC-100073,ONGC,25,VALVE-CHECK-RF-2IN-CL600-WCB,Mumbai High Offshore,110,37117,40141604
IOCL-100074,IOCL,25,"VALVE CHECK, 2"", 600#, ASTM A216 WCB, FLGD RF",Gujarat Refinery,96,38464,40141604
BPCL-100075,BPCL,25,VALVE CHECK 50NB 600LBS CAST CS RAISED FACE,Kochi Refinery,82,39970,40141604
ONGC-100076,ONGC,26,VALVE-BALL-BW-1IN-CL600-SS316,Mumbai High Offshore,47,44973,40141607
IOCL-100077,IOCL,26,"VALVE BALL, 1"", 600#, AISI 316, BW ENDS",Paradip,69,43676,40141607
BPCL-100078,BPCL,26,VALVE BALL 25NB 600LBS 316SS BUTTWELD,Mumbai Refinery,59,46282,40141607
ONGC-100079,ONGC,27,VALVE-GLOBE-RF-2IN-CL300-SS316,Hazira Plant,66,54942,40141612
IOCL-100080,IOCL,27,"VALVE GLOBE, 2"", 300#, AISI 316, FLGD RF",Panipat Refinery,51,50446,40141612
BPCL-100081,BPCL,27,VALVE GLOBE 50NB 300LBS 316SS RAISED FACE,Bina Refinery,91,52853,40141612
ONGC-100082,ONGC,28,GASKET-SPIRAL-WOUND-BW-2IN-CL150-A105,Hazira Plant,137,2685,31181504
IOCL-100083,IOCL,28,"GASKET SPIRAL WOUND, 2"", 150#, ASTM A105, BW ENDS",Paradip,70,5892,31181504
BPCL-100084,BPCL,28,GASKET SPIRAL WOUND 50NB 150LBS FORGED CS BUTTWELD,Mumbai Refinery,10,4164,31181504
ONGC-100085,ONGC,29,VALVE-CHECK-RF-4IN-CL300-SS304,Mumbai High Offshore,42,36014,40141604
IOCL-100086,IOCL,29,"VALVE CHECK, 4"", 300#, 304SS, FLGD RF",Gujarat Refinery,103,36866,40141604
BPCL-100087,BPCL,29,VALVE CHECK 100NB 300LBS SS304 RAISED FACE,Kochi Refinery,51,40532,40141604
ONGC-100088,ONGC,30,VALVE-GATE-RF-1/2IN-CL600-SS304,Hazira Plant,122,61979,40141611
IOCL-100089,IOCL,30,"VALVE GATE, 1/2"", 600#, 304SS, FLGD RF",Panipat Refinery,8,62115,40141611
BPCL-100090,BPCL,30,VALVE GATE DN15 600LBS SS304 RAISED FACE,Mumbai Refinery,143,58107,40141611
ONGC-100091,ONGC,31,VALVE-BALL-RF-4IN-CL800-A105,Hazira Plant,11,46904,40141607
IOCL-100092,IOCL,31,"VALVE BALL, 4"", 800#, ASTM A105, FLGD RF",Paradip,46,44606,40141607
BPCL-100093,BPCL,31,VALVE BALL 100NB 800LB FORGED CS RAISED FACE,Bina Refinery,76,46923,40141607
ONGC-100094,ONGC,32,VALVE-CHECK-BW-6IN-CL300-A105,Hazira Plant,91,40741,40141604
IOCL-100095,IOCL,32,"VALVE CHECK, 6"", 300#, ASTM A105, BW ENDS",Paradip,123,39209,40141604
BPCL-100096,BPCL,32,VALVE CHECK 150MM 300LBS FORGED CS BUTTWELD,Bina Refinery,41,38655,40141604
ONGC-100097,ONGC,33,VALVE-GLOBE-BW-1IN-CL300-WCB,Ankleshwar,96,53841,40141612
IOCL-100098,IOCL,33,"VALVE GLOBE, 1"", 300#, ASTM A216 WCB, BW ENDS",Panipat Refinery,59,51206,40141612
BPCL-100099,BPCL,33,VALVE GLOBE 25NB 300LBS CAST CS BUTTWELD,Mumbai Refinery,106,51348,40141612
ONGC-100100,ONGC,34,VALVE-GATE-BW-1IN-CL150-SS304,Hazira Plant,68,61104,40141611
IOCL-100101,IOCL,34,"VALVE GATE, 1"", 150#, 304SS, BW ENDS",Panipat Refinery,147,61008,40141611
BPCL-100102,BPCL,34,VALVE GATE 25NB 150LBS SS304 BUTTWELD,Bina Refinery,95,58262,40141611
ONGC-100103,ONGC,35,VALVE-CHECK-BW-1/2IN-CL800-WCB,Uran Trombay,16,40103,40141604
IOCL-100104,IOCL,35,"VALVE CHECK, 1/2"", 800#, ASTM A216 WCB, BW ENDS",Panipat Refinery,59,36895,40141604
BPCL-100105,BPCL,35,VALVE CHECK DN15 800LB CAST CS BUTTWELD,Mumbai Refinery,103,39576,40141604
ONGC-100106,ONGC,36,GASKET-SPIRAL-WOUND-BW-8IN-CL300-WCB,Ankleshwar,2,1913,31181504
IOCL-100107,IOCL,36,"GASKET SPIRAL WOUND, 8"", 300#, ASTM A216 WCB, BW ENDS",Mathura Refinery,108,4414,31181504
BPCL-100108,BPCL,36,GASKET SPIRAL WOUND 200NB 300LBS CAST CS BUTTWELD,Bina Refinery,109,2862,31181504
ONGC-100109,ONGC,37,GASKET-SPIRAL-WOUND-RF-2IN-CL600-SS304,Uran Trombay,79,3625,31181504
IOCL-100110,IOCL,37,"GASKET SPIRAL WOUND, 2"", 600#, 304SS, FLGD RF",Gujarat Refinery,79,3265,31181504
BPCL-100111,BPCL,37,GASKET SPIRAL WOUND 50NB 600LBS SS304 RAISED FACE,Mumbai Refinery,15,4413,31181504
ONGC-100112,ONGC,38,VALVE-BALL-RF-1IN-CL150-WCB,Hazira Plant,137,43724,40141607
IOCL-100113,IOCL,38,"VALVE BALL, 1"", 150#, ASTM A216 WCB, FLGD RF",Gujarat Refinery,53,43789,40141607
BPCL-100114,BPCL,38,VALVE BALL 25NB 150LBS CAST CS RAISED FACE,Bina Refinery,110,46556,40141607
ONGC-100115,ONGC,39,VALVE-GATE-RF-4IN-CL800-SS304,Ankleshwar,25,59711,40141611
IOCL-100116,IOCL,39,"VALVE GATE, 4"", 800#, 304SS, FLGD RF",Panipat Refinery,67,60331,40141611
BPCL-100117,BPCL,39,VALVE GATE 100NB 800LB SS304 RAISED FACE,Kochi Refinery,111,58891,40141611
ONGC-100118,ONGC,40,VALVE-GLOBE-BW-1IN-CL150-SS304,Hazira Plant,90,54639,40141612
IOCL-100119,IOCL,40,"VALVE GLOBE, 1"", 150#, 304SS, BW ENDS",Gujarat Refinery,16,50296,40141612
BPCL-100120,BPCL,40,VALVE GLOBE 25NB 150LBS SS304 BUTTWELD,Mumbai Refinery,131,53420,40141612
ONGC-100121,ONGC,41,VALVE-CHECK-BW-2IN-CL800-SS316,Mumbai High Offshore,83,39279,40141604
IOCL-100122,IOCL,41,"VALVE CHECK, 2"", 800#, AISI 316, BW ENDS",Panipat Refinery,53,37249,40141604
BPCL-100123,BPCL,41,VALVE CHECK 50NB 800LB 316SS BUTTWELD,Kochi Refinery,72,36917,40141604
ONGC-100124,ONGC,42,VALVE-BALL-BW-6IN-CL600-WCB,Hazira Plant,46,47169,40141607
IOCL-100125,IOCL,42,"VALVE BALL, 6"", 600#, ASTM A216 WCB, BW ENDS",Gujarat Refinery,19,45639,40141607
BPCL-100126,BPCL,42,VALVE BALL 150MM 600LBS CAST CS BUTTWELD,Kochi Refinery,4,46335,40141607
ONGC-100127,ONGC,43,FLANGE-WELD-NECK-RF-6IN-CL150-A105,Mumbai High Offshore,36,12515,40173308
IOCL-100128,IOCL,43,"FLANGE WELD NECK, 6"", 150#, ASTM A105, FLGD RF",Panipat Refinery,88,10240,40173308
BPCL-100129,BPCL,43,FLANGE WELD NECK 150MM 150LBS FORGED CS RAISED FACE,Bina Refinery,59,12594,40173308
ONGC-100130,ONGC,44,VALVE-BALL-BW-1/2IN-CL300-SS316,Ankleshwar,111,43087,40141607
IOCL-100131,IOCL,44,"VALVE BALL, 1/2"", 300#, AISI 316, BW ENDS",Panipat Refinery,50,44024,40141607
BPCL-100132,BPCL,44,VALVE BALL DN15 300LBS 316SS BUTTWELD,Mumbai Refinery,25,46029,40141607
ONGC-100133,ONGC,45,FLANGE-WELD-NECK-BW-2IN-CL800-WCB,Hazira Plant,74,14611,40173308
IOCL-100134,IOCL,45,"FLANGE WELD NECK, 2"", 800#, ASTM A216 WCB, BW ENDS",Paradip,133,10010,40173308
BPCL-100135,BPCL,45,FLANGE WELD NECK 50NB 800LB CAST CS BUTTWELD,Mumbai Refinery,59,11971,40173308
ONGC-100136,ONGC,46,VALVE-GLOBE-BW-1/2IN-CL800-SS304,Hazira Plant,44,52788,40141612
IOCL-100137,IOCL,46,"VALVE GLOBE, 1/2"", 800#, 304SS, BW ENDS",Mathura Refinery,129,50272,40141612
BPCL-100138,BPCL,46,VALVE GLOBE DN15 800LB SS304 BUTTWELD,Bina Refinery,20,52580,40141612
ONGC-100139,ONGC,47,VALVE-BALL-BW-1IN-CL300-SS316,Ankleshwar,61,44555,40141607
IOCL-100140,IOCL,47,"VALVE BALL, 1"", 300#, AISI 316, BW ENDS",Paradip,72,43929,40141607
BPCL-100141,BPCL,47,VALVE BALL 25NB 300LBS 316SS BUTTWELD,Mumbai Refinery,130,47945,40141607
ONGC-100142,ONGC,48,VALVE-BALL-BW-4IN-CL800-SS316,Hazira Plant,146,43601,40141607
IOCL-100143,IOCL,48,"VALVE BALL, 4"", 800#, AISI 316, BW ENDS",Gujarat Refinery,47,45383,40141607
BPCL-100144,BPCL,48,VALVE BALL 100NB 800LB 316SS BUTTWELD,Mumbai Refinery,51,45302,40141607
ONGC-100145,ONGC,49,VALVE-GLOBE-RF-1IN-CL300-WCB,Mumbai High Offshore,9,52580,40141612
IOCL-100146,IOCL,49,"VALVE GLOBE, 1"", 300#, ASTM A216 WCB, FLGD RF",Paradip,58,52819,40141612
BPCL-100147,BPCL,49,VALVE GLOBE 25NB 300LBS CAST CS RAISED FACE,Bina Refinery,134,54684,40141612
ONGC-100148,ONGC,50,GASKET-SPIRAL-WOUND-BW-4IN-CL150-A105,Mumbai High Offshore,133,5390,31181504
IOCL-100149,IOCL,50,"GASKET SPIRAL WOUND, 4"", 150#, ASTM A105, BW ENDS",Mathura Refinery,75,2145,31181504
BPCL-100150,BPCL,50,GASKET SPIRAL WOUND 100NB 150LBS FORGED CS BUTTWELD,Mumbai Refinery,131,3990,31181504
ONGC-100151,ONGC,51,VALVE-GATE-RF-1/2IN-CL600-A105,Hazira Plant,123,59967,40141611
IOCL-100152,IOCL,51,"VALVE GATE, 1/2"", 600#, ASTM A105, FLGD RF",Mathura Refinery,18,62410,40141611
BPCL-100153,BPCL,51,VALVE GATE DN15 600LBS FORGED CS RAISED FACE,Bina Refinery,119,59727,40141611
ONGC-100154,ONGC,52,FLANGE-WELD-NECK-BW-1/2IN-CL150-SS304,Hazira Plant,1,13117,40173308
IOCL-100155,IOCL,52,"FLANGE WELD NECK, 1/2"", 150#, 304SS, BW ENDS",Paradip,132,13324,40173308
BPCL-100156,BPCL,52,FLANGE WELD NECK DN15 150LBS SS304 BUTTWELD,Kochi Refinery,11,11739,40173308
ONGC-100157,ONGC,53,VALVE-GLOBE-BW-8IN-CL800-A105,Uran Trombay,117,52176,40141612
IOCL-100158,IOCL,53,"VALVE GLOBE, 8"", 800#, ASTM A105, BW ENDS",Gujarat Refinery,3,53631,40141612
BPCL-100159,BPCL,53,VALVE GLOBE 200NB 800LB FORGED CS BUTTWELD,Bina Refinery,13,50786,40141612
ONGC-100160,ONGC,54,VALVE-GATE-RF-6IN-CL300-WCB,Mumbai High Offshore,16,61140,40141611
IOCL-100161,IOCL,54,"VALVE GATE, 6"", 300#, ASTM A216 WCB, FLGD RF",Panipat Refinery,15,59672,40141611
BPCL-100162,BPCL,54,VALVE GATE 150MM 300LBS CAST CS RAISED FACE,Bina Refinery,19,59544,40141611
ONGC-100163,ONGC,55,VALVE-CHECK-BW-6IN-CL800-SS304,Ankleshwar,62,38229,40141604
IOCL-100164,IOCL,55,"VALVE CHECK, 6"", 800#, 304SS, BW ENDS",Mathura Refinery,100,36456,40141604
BPCL-100165,BPCL,55,VALVE CHECK 150MM 800LB SS304 BUTTWELD,Kochi Refinery,25,38815,40141604
ONGC-100166,ONGC,56,VALVE-GLOBE-BW-4IN-CL600-SS304,Hazira Plant,114,51715,40141612
IOCL-100167,IOCL,56,"VALVE GLOBE, 4"", 600#, 304SS, BW ENDS",Gujarat Refinery,71,51312,40141612
BPCL-100168,BPCL,56,VALVE GLOBE 100NB 600LBS SS304 BUTTWELD,Kochi Refinery,42,54885,40141612
ONGC-100169,ONGC,57,VALVE-GATE-RF-3IN-CL600-A105,Mumbai High Offshore,8,59833,40141611
IOCL-100170,IOCL,57,"VALVE GATE, 3"", 600#, ASTM A105, FLGD RF",Gujarat Refinery,85,58208,40141611
BPCL-100171,BPCL,57,VALVE GATE DN80 600LBS FORGED CS RAISED FACE,Mumbai Refinery,120,61281,40141611
ONGC-100172,ONGC,58,VALVE-GATE-RF-8IN-CL300-A105,Mumbai High Offshore,16,62898,40141611
IOCL-100173,IOCL,58,"VALVE GATE, 8"", 300#, ASTM A105, FLGD RF",Paradip,140,62905,40141611
BPCL-100174,BPCL,58,VALVE GATE 200NB 300LBS FORGED CS RAISED FACE,Bina Refinery,120,62257,40141611
ONGC-100175,ONGC,59,GASKET-SPIRAL-WOUND-RF-4IN-CL150-SS316,Uran Trombay,38,6469,31181504
IOCL-100176,IOCL,59,"GASKET SPIRAL WOUND, 4"", 150#, AISI 316, FLGD RF",Paradip,138,5877,31181504
BPCL-100177,BPCL,59,GASKET SPIRAL WOUND 100NB 150LBS 316SS RAISED FACE,Kochi Refinery,32,4692,31181504
ONGC-100178,ONGC,60,VALVE-CHECK-RF-1IN-CL800-SS316,Mumbai High Offshore,112,36487,40141604
IOCL-100179,IOCL,60,"VALVE CHECK, 1"", 800#, AISI 316, FLGD RF",Paradip,100,39880,40141604
BPCL-100180,BPCL,60,VALVE CHECK 25NB 800LB 316SS RAISED FACE,Kochi Refinery,44,36340,40141604
ONGC-100181,ONGC,61,VALVE-GATE-BW-1IN-CL300-A105,Hazira Plant,143,59982,40141611
IOCL-100182,IOCL,61,"VALVE GATE, 1"", 300#, ASTM A105, BW ENDS",Mathura Refinery,85,58764,40141611
BPCL-100183,BPCL,61,VALVE GATE 25NB 300LBS FORGED CS BUTTWELD,Kochi Refinery,80,62708,40141611
ONGC-100184,ONGC,62,FLANGE-WELD-NECK-RF-8IN-CL300-WCB,Mumbai High Offshore,4,10474,40173308
IOCL-100185,IOCL,62,"FLANGE WELD NECK, 8"", 300#, ASTM A216 WCB, FLGD RF",Gujarat Refinery,65,12926,40173308
BPCL-100186,BPCL,62,FLANGE WELD NECK 200NB 300LBS CAST CS RAISED FACE,Kochi Refinery,20,10690,40173308
ONGC-100187,ONGC,63,FLANGE-WELD-NECK-BW-3IN-CL800-WCB,Uran Trombay,124,10363,40173308
IOCL-100188,IOCL,63,"FLANGE WELD NECK, 3"", 800#, ASTM A216 WCB, BW ENDS",Panipat Refinery,53,10275,40173308
BPCL-100189,BPCL,63,FLANGE WELD NECK DN80 800LB CAST CS BUTTWELD,Kochi Refinery,50,12993,40173308
ONGC-100190,ONGC,64,VALVE-BALL-RF-4IN-CL300-WCB,Uran Trombay,22,47501,40141607
IOCL-100191,IOCL,64,"VALVE BALL, 4"", 300#, ASTM A216 WCB, FLGD RF",Mathura Refinery,44,46323,40141607
BPCL-100192,BPCL,64,VALVE BALL 100NB 300LBS CAST CS RAISED FACE,Kochi Refinery,115,43103,40141607
ONGC-100193,ONGC,65,FLANGE-WELD-NECK-RF-6IN-CL150-A105,Hazira Plant,86,12197,40173308
IOCL-100194,IOCL,65,"FLANGE WELD NECK, 6"", 150#, ASTM A105, FLGD RF",Paradip,115,10297,40173308
BPCL-100195,BPCL,65,FLANGE WELD NECK 150MM 150LBS FORGED CS RAISED FACE,Bina Refinery,72,14020,40173308
ONGC-100196,ONGC,66,FLANGE-WELD-NECK-BW-4IN-CL800-SS316,Uran Trombay,31,10602,40173308
IOCL-100197,IOCL,66,"FLANGE WELD NECK, 4"", 800#, AISI 316, BW ENDS",Panipat Refinery,6,13044,40173308
BPCL-100198,BPCL,66,FLANGE WELD NECK 100NB 800LB 316SS BUTTWELD,Kochi Refinery,31,13665,40173308
ONGC-100199,ONGC,67,GASKET-SPIRAL-WOUND-BW-3IN-CL600-WCB,Uran Trombay,110,4759,31181504
IOCL-100200,IOCL,67,"GASKET SPIRAL WOUND, 3"", 600#, ASTM A216 WCB, BW ENDS",Panipat Refinery,44,5320,31181504
BPCL-100201,BPCL,67,GASKET SPIRAL WOUND DN80 600LBS CAST CS BUTTWELD,Kochi Refinery,113,3251,31181504
ONGC-100202,ONGC,68,FLANGE-WELD-NECK-BW-4IN-CL150-WCB,Hazira Plant,31,14129,40173308
IOCL-100203,IOCL,68,"FLANGE WELD NECK, 4"", 150#, ASTM A216 WCB, BW ENDS",Mathura Refinery,128,10360,40173308
BPCL-100204,BPCL,68,FLANGE WELD NECK 100NB 150LBS CAST CS BUTTWELD,Bina Refinery,12,10688,40173308
ONGC-100205,ONGC,69,VALVE-BALL-RF-1IN-CL600-A105,Ankleshwar,8,46570,40141607
IOCL-100206,IOCL,69,"VALVE BALL, 1"", 600#, ASTM A105, FLGD RF",Gujarat Refinery,24,45365,40141607
BPCL-100207,BPCL,69,VALVE BALL 25NB 600LBS FORGED CS RAISED FACE,Kochi Refinery,80,46027,40141607
ONGC-100208,ONGC,70,VALVE-GLOBE-BW-6IN-CL600-WCB,Uran Trombay,47,53431,40141612
IOCL-100209,IOCL,70,"VALVE GLOBE, 6"", 600#, ASTM A216 WCB, BW ENDS",Gujarat Refinery,41,52989,40141612
BPCL-100210,BPCL,70,VALVE GLOBE 150MM 600LBS CAST CS BUTTWELD,Kochi Refinery,108,52148,40141612
ONGC-100211,ONGC,71,FLANGE-WELD-NECK-RF-3IN-CL600-A105,Mumbai High Offshore,2,11525,40173308
IOCL-100212,IOCL,71,"FLANGE WELD NECK, 3"", 600#, ASTM A105, FLGD RF",Paradip,41,12940,40173308
BPCL-100213,BPCL,71,FLANGE WELD NECK DN80 600LBS FORGED CS RAISED FACE,Mumbai Refinery,2,10943,40173308
ONGC-100214,ONGC,72,VALVE-BALL-BW-1IN-CL300-SS304,Mumbai High Offshore,30,46716,40141607
IOCL-100215,IOCL,72,"VALVE BALL, 1"", 300#, 304SS, BW ENDS",Paradip,84,45114,40141607
BPCL-100216,BPCL,72,VALVE BALL 25NB 300LBS SS304 BUTTWELD,Bina Refinery,143,47139,40141607
ONGC-100217,ONGC,73,VALVE-CHECK-BW-3IN-CL300-A105,Uran Trombay,22,40714,40141604
IOCL-100218,IOCL,73,"VALVE CHECK, 3"", 300#, ASTM A105, BW ENDS",Mathura Refinery,115,36567,40141604
BPCL-100219,BPCL,73,VALVE CHECK DN80 300LBS FORGED CS BUTTWELD,Bina Refinery,103,36771,40141604
ONGC-100220,ONGC,74,VALVE-BALL-BW-6IN-CL150-WCB,Hazira Plant,127,43738,40141607
IOCL-100221,IOCL,74,"VALVE BALL, 6"", 150#, ASTM A216 WCB, BW ENDS",Gujarat Refinery,10,44664,40141607
BPCL-100222,BPCL,74,VALVE BALL 150MM 150LBS CAST CS BUTTWELD,Mumbai Refinery,34,47955,40141607
ONGC-100223,ONGC,75,GASKET-SPIRAL-WOUND-RF-4IN-CL150-SS304,Uran Trombay,47,2878,31181504
IOCL-100224,IOCL,75,"GASKET SPIRAL WOUND, 4"", 150#, 304SS, FLGD RF",Mathura Refinery,127,4978,31181504
BPCL-100225,BPCL,75,GASKET SPIRAL WOUND 100NB 150LBS SS304 RAISED FACE,Mumbai Refinery,107,4911,31181504
ONGC-100226,ONGC,76,VALVE-GLOBE-BW-1/2IN-CL300-SS316,Uran Trombay,34,51279,40141612
IOCL-100227,IOCL,76,"VALVE GLOBE, 1/2"", 300#, AISI 316, BW ENDS",Paradip,64,54803,40141612
BPCL-100228,BPCL,76,VALVE GLOBE DN15 300LBS 316SS BUTTWELD,Bina Refinery,27,54387,40141612
ONGC-100229,ONGC,77,VALVE-GLOBE-RF-8IN-CL150-SS316,Mumbai High Offshore,17,52492,40141612
IOCL-100230,IOCL,77,"VALVE GLOBE, 8"", 150#, AISI 316, FLGD RF",Gujarat Refinery,120,50630,40141612
BPCL-100231,BPCL,77,VALVE GLOBE 200NB 150LBS 316SS RAISED FACE,Kochi Refinery,71,52289,40141612
ONGC-100232,ONGC,78,VALVE-GLOBE-RF-6IN-CL600-A105,Mumbai High Offshore,49,54103,40141612
IOCL-100233,IOCL,78,"VALVE GLOBE, 6"", 600#, ASTM A105, FLGD RF",Panipat Refinery,8,54068,40141612
BPCL-100234,BPCL,78,VALVE GLOBE 150MM 600LBS FORGED CS RAISED FACE,Bina Refinery,118,52819,40141612
ONGC-100235,ONGC,79,VALVE-BALL-BW-8IN-CL300-WCB,Uran Trombay,98,46850,40141607
IOCL-100236,IOCL,79,"VALVE BALL, 8"", 300#, ASTM A216 WCB, BW ENDS",Panipat Refinery,108,46774,40141607
BPCL-100237,BPCL,79,VALVE BALL 200NB 300LBS CAST CS BUTTWELD,Kochi Refinery,86,45314,40141607
ONGC-100238,ONGC,80,VALVE-BALL-BW-4IN-CL150-WCB,Ankleshwar,25,43085,40141607
IOCL-100239,IOCL,80,"VALVE BALL, 4"", 150#, ASTM A216 WCB, BW ENDS",Mathura Refinery,49,44038,40141607
BPCL-100240,BPCL,80,VALVE BALL 100NB 150LBS CAST CS BUTTWELD,Kochi Refinery,97,43545,40141607
ONGC-100241,ONGC,81,FLANGE-WELD-NECK-RF-1IN-CL800-SS316,Hazira Plant,63,12290,40173308
IOCL-100242,IOCL,81,"FLANGE WELD NECK, 1"", 800#, AISI 316, FLGD RF",Mathura Refinery,49,10102,40173308
BPCL-100243,BPCL,81,FLANGE WELD NECK 25NB 800LB 316SS RAISED FACE,Mumbai Refinery,71,12267,40173308
ONGC-100244,ONGC,82,GASKET-SPIRAL-WOUND-RF-2IN-CL600-A105,Uran Trombay,43,4150,31181504
IOCL-100245,IOCL,82,"GASKET SPIRAL WOUND, 2"", 600#, ASTM A105, FLGD RF",Mathura Refinery,98,1764,31181504
BPCL-100246,BPCL,82,GASKET SPIRAL WOUND 50NB 600LBS FORGED CS RAISED FACE,Mumbai Refinery,26,4158,31181504
ONGC-100247,ONGC,83,VALVE-GLOBE-RF-1/2IN-CL150-A105,Mumbai High Offshore,62,54005,40141612
IOCL-100248,IOCL,83,"VALVE GLOBE, 1/2"", 150#, ASTM A105, FLGD RF",Gujarat Refinery,18,50792,40141612
BPCL-100249,BPCL,83,VALVE GLOBE DN15 150LBS FORGED CS RAISED FACE,Kochi Refinery,140,54707,40141612
ONGC-100250,ONGC,84,FLANGE-WELD-NECK-RF-6IN-CL300-SS304,Ankleshwar,46,10188,40173308
IOCL-100251,IOCL,84,"FLANGE WELD NECK, 6"", 300#, 304SS, FLGD RF",Paradip,105,12138,40173308
BPCL-100252,BPCL,84,FLANGE WELD NECK 150MM 300LBS SS304 RAISED FACE,Bina Refinery,57,11179,40173308
ONGC-100253,ONGC,85,VALVE-GLOBE-RF-2IN-CL300-SS304,Ankleshwar,69,51185,40141612
IOCL-100254,IOCL,85,"VALVE GLOBE, 2"", 300#, 304SS, FLGD RF",Panipat Refinery,94,52491,40141612
BPCL-100255,BPCL,85,VALVE GLOBE 50NB 300LBS SS304 RAISED FACE,Mumbai Refinery,82,51224,40141612
ONGC-100256,ONGC,86,VALVE-GATE-BW-8IN-CL300-WCB,Hazira Plant,115,58693,40141611
IOCL-100257,IOCL,86,"VALVE GATE, 8"", 300#, ASTM A216 WCB, BW ENDS",Panipat Refinery,104,61128,40141611
BPCL-100258,BPCL,86,VALVE GATE 200NB 300LBS CAST CS BUTTWELD,Bina Refinery,69,61770,40141611
ONGC-100259,ONGC,87,VALVE-BALL-RF-3IN-CL300-A105,Ankleshwar,148,46199,40141607
IOCL-100260,IOCL,87,"VALVE BALL, 3"", 300#, ASTM A105, FLGD RF",Mathura Refinery,111,45195,40141607
BPCL-100261,BPCL,87,VALVE BALL DN80 300LBS FORGED CS RAISED FACE,Kochi Refinery,82,43822,40141607
ONGC-100262,ONGC,88,VALVE-GATE-BW-6IN-CL800-A105,Mumbai High Offshore,32,58536,40141611
IOCL-100263,IOCL,88,"VALVE GATE, 6"", 800#, ASTM A105, BW ENDS",Gujarat Refinery,72,61581,40141611
BPCL-100264,BPCL,88,VALVE GATE 150MM 800LB FORGED CS BUTTWELD,Mumbai Refinery,104,60783,40141611
ONGC-100265,ONGC,89,VALVE-GLOBE-RF-3IN-CL600-SS316,Mumbai High Offshore,86,54163,40141612
IOCL-100266,IOCL,89,"VALVE GLOBE, 3"", 600#, AISI 316, FLGD RF",Panipat Refinery,117,51807,40141612
BPCL-100267,BPCL,89,VALVE GLOBE DN80 600LBS 316SS RAISED FACE,Bina Refinery,147,52609,40141612
ONGC-100268,ONGC,90,GASKET-SPIRAL-WOUND-RF-8IN-CL150-WCB,Mumbai High Offshore,114,1988,31181504
IOCL-100269,IOCL,90,"GASKET SPIRAL WOUND, 8"", 150#, ASTM A216 WCB, FLGD RF",Paradip,141,3430,31181504
BPCL-100270,BPCL,90,GASKET SPIRAL WOUND 200NB 150LBS CAST CS RAISED FACE,Kochi Refinery,105,3517,31181504
ONGC-100271,ONGC,91,GASKET-SPIRAL-WOUND-RF-4IN-CL300-WCB,Mumbai High Offshore,13,2051,31181504
IOCL-100272,IOCL,91,"GASKET SPIRAL WOUND, 4"", 300#, ASTM A216 WCB, FLGD RF",Mathura Refinery,142,3764,31181504
BPCL-100273,BPCL,91,GASKET SPIRAL WOUND 100NB 300LBS CAST CS RAISED FACE,Kochi Refinery,108,3432,31181504
ONGC-100274,ONGC,92,VALVE-CHECK-BW-1IN-CL800-WCB,Ankleshwar,126,39407,40141604
IOCL-100275,IOCL,92,"VALVE CHECK, 1"", 800#, ASTM A216 WCB, BW ENDS",Gujarat Refinery,42,36388,40141604
BPCL-100276,BPCL,92,VALVE CHECK 25NB 800LB CAST CS BUTTWELD,Bina Refinery,78,39265,40141604
ONGC-100277,ONGC,93,VALVE-BALL-BW-2IN-CL150-WCB,Ankleshwar,59,43761,40141607
IOCL-100278,IOCL,93,"VALVE BALL, 2"", 150#, ASTM A216 WCB, BW ENDS",Paradip,72,44306,40141607
BPCL-100279,BPCL,93,VALVE BALL 50NB 150LBS CAST CS BUTTWELD,Bina Refinery,112,45695,40141607
ONGC-100280,ONGC,94,VALVE-GLOBE-RF-4IN-CL150-SS316,Ankleshwar,5,53876,40141612
IOCL-100281,IOCL,94,"VALVE GLOBE, 4"", 150#, AISI 316, FLGD RF",Panipat Refinery,78,51337,40141612
BPCL-100282,BPCL,94,VALVE GLOBE 100NB 150LBS 316SS RAISED FACE,Bina Refinery,148,50895,40141612
ONGC-100283,ONGC,95,GASKET-SPIRAL-WOUND-RF-4IN-CL150-SS304,Ankleshwar,48,3536,31181504
IOCL-100284,IOCL,95,"GASKET SPIRAL WOUND, 4"", 150#, 304SS, FLGD RF",Paradip,126,4277,31181504
BPCL-100285,BPCL,95,GASKET SPIRAL WOUND 100NB 150LBS SS304 RAISED FACE,Kochi Refinery,96,1981,31181504
ONGC-100286,ONGC,96,GASKET-SPIRAL-WOUND-RF-8IN-CL800-SS304,Ankleshwar,65,2490,31181504
IOCL-100287,IOCL,96,"GASKET SPIRAL WOUND, 8"", 800#, 304SS, FLGD RF",Mathura Refinery,109,4698,31181504
BPCL-100288,BPCL,96,GASKET SPIRAL WOUND 200NB 800LB SS304 RAISED FACE,Kochi Refinery,74,5856,31181504
ONGC-100289,ONGC,97,VALVE-BALL-RF-2IN-CL300-SS304,Hazira Plant,135,45491,40141607
IOCL-100290,IOCL,97,"VALVE BALL, 2"", 300#, 304SS, FLGD RF",Mathura Refinery,63,47253,40141607
BPCL-100291,BPCL,97,VALVE BALL 50NB 300LBS SS304 RAISED FACE,Mumbai Refinery,49,44061,40141607
ONGC-100292,ONGC,98,VALVE-GATE-BW-1/2IN-CL300-A105,Mumbai High Offshore,37,59433,40141611
IOCL-100293,IOCL,98,"VALVE GATE, 1/2"", 300#, ASTM A105, BW ENDS",Panipat Refinery,54,61815,40141611
BPCL-100294,BPCL,98,VALVE GATE DN15 300LBS FORGED CS BUTTWELD,Kochi Refinery,74,59745,40141611
ONGC-100295,ONGC,99,GASKET-SPIRAL-WOUND-BW-8IN-CL150-SS316,Mumbai High Offshore,110,3159,31181504
IOCL-100296,IOCL,99,"GASKET SPIRAL WOUND, 8"", 150#, AISI 316, BW ENDS",Gujarat Refinery,129,1884,31181504
BPCL-100297,BPCL,99,GASKET SPIRAL WOUND 200NB 150LBS 316SS BUTTWELD,Kochi Refinery,145,6351,31181504
ONGC-100298,ONGC,100,VALVE-BALL-RF-8IN-CL600-SS304,Ankleshwar,107,45067,40141607
IOCL-100299,IOCL,100,"VALVE BALL, 8"", 600#, 304SS, FLGD RF",Mathura Refinery,8,47153,40141607
BPCL-100300,BPCL,100,VALVE BALL 200NB 600LBS SS304 RAISED FACE,Kochi Refinery,111,46336,40141607
ONGC-100301,ONGC,101,VALVE-BALL-RF-2IN-CL800-SS316,Mumbai High Offshore,110,47661,40141607
IOCL-100302,IOCL,101,"VALVE BALL, 2"", 800#, AISI 316, FLGD RF",Mathura Refinery,150,47282,40141607
BPCL-100303,BPCL,101,VALVE BALL 50NB 800LB 316SS RAISED FACE,Kochi Refinery,112,45967,40141607
ONGC-100304,ONGC,102,VALVE-BALL-RF-8IN-CL150-SS316,Uran Trombay,38,47427,40141607
IOCL-100305,IOCL,102,"VALVE BALL, 8"", 150#, AISI 316, FLGD RF",Mathura Refinery,94,47478,40141607
BPCL-100306,BPCL,102,VALVE BALL 200NB 150LBS 316SS RAISED FACE,Mumbai Refinery,142,46754,40141607
ONGC-100307,ONGC,103,VALVE-GATE-BW-6IN-CL150-SS316,Mumbai High Offshore,9,58790,40141611
IOCL-100308,IOCL,103,"VALVE GATE, 6"", 150#, AISI 316, BW ENDS",Paradip,75,60746,40141611
BPCL-100309,BPCL,103,VALVE GATE 150MM 150LBS 316SS BUTTWELD,Kochi Refinery,60,62650,40141611
ONGC-100310,ONGC,104,VALVE-GATE-BW-8IN-CL600-SS304,Hazira Plant,84,60142,40141611
IOCL-100311,IOCL,104,"VALVE GATE, 8"", 600#, 304SS, BW ENDS",Panipat Refinery,33,59799,40141611
BPCL-100312,BPCL,104,VALVE GATE 200NB 600LBS SS304 BUTTWELD,Kochi Refinery,76,58991,40141611
ONGC-100313,ONGC,105,VALVE-GATE-RF-1IN-CL800-SS316,Hazira Plant,89,60031,40141611
IOCL-100314,IOCL,105,"VALVE GATE, 1"", 800#, AISI 316, FLGD RF",Gujarat Refinery,146,61750,40141611
BPCL-100315,BPCL,105,VALVE GATE 25NB 800LB 316SS RAISED FACE,Mumbai Refinery,35,59997,40141611
ONGC-100316,ONGC,106,VALVE-GATE-RF-1/2IN-CL600-SS316,Ankleshwar,119,58321,40141611
IOCL-100317,IOCL,106,"VALVE GATE, 1/2"", 600#, AISI 316, FLGD RF",Mathura Refinery,136,62914,40141611
BPCL-100318,BPCL,106,VALVE GATE DN15 600LBS 316SS RAISED FACE,Bina Refinery,108,58110,40141611
ONGC-100319,ONGC,107,FLANGE-WELD-NECK-RF-4IN-CL600-WCB,Mumbai High Offshore,14,12484,40173308
IOCL-100320,IOCL,107,"FLANGE WELD NECK, 4"", 600#, ASTM A216 WCB, FLGD RF",Panipat Refinery,137,11136,40173308
BPCL-100321,BPCL,107,FLANGE WELD NECK 100NB 600LBS CAST CS RAISED FACE,Bina Refinery,47,12443,40173308
ONGC-100322,ONGC,108,GASKET-SPIRAL-WOUND-RF-4IN-CL800-WCB,Ankleshwar,68,4982,31181504
IOCL-100323,IOCL,108,"GASKET SPIRAL WOUND, 4"", 800#, ASTM A216 WCB, FLGD RF",Panipat Refinery,123,4306,31181504
BPCL-100324,BPCL,108,GASKET SPIRAL WOUND 100NB 800LB CAST CS RAISED FACE,Kochi Refinery,73,4536,31181504
ONGC-100325,ONGC,109,VALVE-BALL-BW-2IN-CL150-WCB,Mumbai High Offshore,143,47263,40141607
IOCL-100326,IOCL,109,"VALVE BALL, 2"", 150#, ASTM A216 WCB, BW ENDS",Gujarat Refinery,138,47330,40141607
BPCL-100327,BPCL,109,VALVE BALL 50NB 150LBS CAST CS BUTTWELD,Bina Refinery,72,45961,40141607
ONGC-100328,ONGC,110,VALVE-CHECK-RF-1IN-CL800-A105,Hazira Plant,42,36589,40141604
IOCL-100329,IOCL,110,"VALVE CHECK, 1"", 800#, ASTM A105, FLGD RF",Mathura Refinery,143,40845,40141604
BPCL-100330,BPCL,110,VALVE CHECK 25NB 800LB FORGED CS RAISED FACE,Mumbai Refinery,82,37358,40141604
ONGC-100331,ONGC,111,VALVE-GATE-BW-1IN-CL800-SS316,Mumbai High Offshore,5,58994,40141611
IOCL-100332,IOCL,111,"VALVE GATE, 1"", 800#, AISI 316, BW ENDS",Mathura Refinery,20,62459,40141611
BPCL-100333,BPCL,111,VALVE GATE 25NB 800LB 316SS BUTTWELD,Mumbai Refinery,21,59030,40141611
ONGC-100334,ONGC,112,VALVE-GATE-RF-1IN-CL150-SS316,Ankleshwar,64,58123,40141611
IOCL-100335,IOCL,112,"VALVE GATE, 1"", 150#, AISI 316, FLGD RF",Paradip,132,60709,40141611
BPCL-100336,BPCL,112,VALVE GATE 25NB 150LBS 316SS RAISED FACE,Kochi Refinery,68,60314,40141611
ONGC-100337,ONGC,113,VALVE-BALL-BW-8IN-CL300-WCB,Mumbai High Offshore,92,47991,40141607
IOCL-100338,IOCL,113,"VALVE BALL, 8"", 300#, ASTM A216 WCB, BW ENDS",Paradip,105,47539,40141607
BPCL-100339,BPCL,113,VALVE BALL 200NB 300LBS CAST CS BUTTWELD,Kochi Refinery,101,47446,40141607
ONGC-100340,ONGC,114,FLANGE-WELD-NECK-RF-3IN-CL150-WCB,Uran Trombay,38,11449,40173308
IOCL-100341,IOCL,114,"FLANGE WELD NECK, 3"", 150#, ASTM A216 WCB, FLGD RF",Paradip,95,13107,40173308
BPCL-100342,BPCL,114,FLANGE WELD NECK DN80 150LBS CAST CS RAISED FACE,Mumbai Refinery,117,14880,40173308
ONGC-100343,ONGC,115,VALVE-BALL-BW-2IN-CL300-SS316,Mumbai High Offshore,21,44805,40141607
IOCL-100344,IOCL,115,"VALVE BALL, 2"", 300#, AISI 316, BW ENDS",Panipat Refinery,115,44318,40141607
BPCL-100345,BPCL,115,VALVE BALL 50NB 300LBS 316SS BUTTWELD,Bina Refinery,93,44618,40141607
ONGC-100346,ONGC,116,VALVE-GATE-BW-2IN-CL150-SS304,Hazira Plant,46,58928,40141611
IOCL-100347,IOCL,116,"VALVE GATE, 2"", 150#, 304SS, BW ENDS",Paradip,29,62788,40141611
BPCL-100348,BPCL,116,VALVE GATE 50NB 150LBS SS304 BUTTWELD,Kochi Refinery,85,59828,40141611
ONGC-100349,ONGC,117,VALVE-GLOBE-RF-8IN-CL600-A105,Uran Trombay,43,53237,40141612
IOCL-100350,IOCL,117,"VALVE GLOBE, 8"", 600#, ASTM A105, FLGD RF",Paradip,120,52389,40141612
BPCL-100351,BPCL,117,VALVE GLOBE 200NB 600LBS FORGED CS RAISED FACE,Kochi Refinery,12,50983,40141612
ONGC-100352,ONGC,118,VALVE-GATE-BW-1IN-CL300-SS316,Hazira Plant,107,61063,40141611
IOCL-100353,IOCL,118,"VALVE GATE, 1"", 300#, AISI 316, BW ENDS",Gujarat Refinery,2,61683,40141611
BPCL-100354,BPCL,118,VALVE GATE 25NB 300LBS 316SS BUTTWELD,Kochi Refinery,131,59813,40141611
ONGC-100355,ONGC,119,VALVE-GLOBE-BW-6IN-CL150-WCB,Hazira Plant,97,54011,40141612
IOCL-100356,IOCL,119,"VALVE GLOBE, 6"", 150#, ASTM A216 WCB, BW ENDS",Gujarat Refinery,22,54123,40141612
BPCL-100357,BPCL,119,VALVE GLOBE 150MM 150LBS CAST CS BUTTWELD,Kochi Refinery,90,52500,40141612
ONGC-100358,ONGC,120,GASKET-SPIRAL-WOUND-RF-4IN-CL600-WCB,Uran Trombay,103,4089,31181504
IOCL-100359,IOCL,120,"GASKET SPIRAL WOUND, 4"", 600#, ASTM A216 WCB, FLGD RF",Mathura Refinery,48,2593,31181504
BPCL-100360,BPCL,120,GASKET SPIRAL WOUND 100NB 600LBS CAST CS RAISED FACE,Kochi Refinery,63,1965,31181504
ONGC-100361,ONGC,121,VALVE-BALL-BW-4IN-CL800-WCB,Uran Trombay,29,45149,40141607
IOCL-100362,IOCL,121,"VALVE BALL, 4"", 800#, ASTM A216 WCB, BW ENDS",Mathura Refinery,126,47094,40141607
BPCL-100363,BPCL,121,VALVE BALL 100NB 800LB CAST CS BUTTWELD,Mumbai Refinery,86,44446,40141607
ONGC-100364,ONGC,122,VALVE-CHECK-BW-3IN-CL600-WCB,Uran Trombay,69,38223,40141604
IOCL-100365,IOCL,122,"VALVE CHECK, 3"", 600#, ASTM A216 WCB, BW ENDS",Panipat Refinery,48,37582,40141604
BPCL-100366,BPCL,122,VALVE CHECK DN80 600LBS CAST CS BUTTWELD,Mumbai Refinery,127,38629,40141604
ONGC-100367,ONGC,123,GASKET-SPIRAL-WOUND-RF-1/2IN-CL300-A105,Ankleshwar,47,6176,31181504
IOCL-100368,IOCL,123,"GASKET SPIRAL WOUND, 1/2"", 300#, ASTM A105, FLGD RF",Gujarat Refinery,2,2972,31181504
BPCL-100369,BPCL,123,GASKET SPIRAL WOUND DN15 300LBS FORGED CS RAISED FACE,Kochi Refinery,86,2232,31181504
ONGC-100370,ONGC,124,VALVE-CHECK-RF-1/2IN-CL800-WCB,Mumbai High Offshore,133,37888,40141604
IOCL-100371,IOCL,124,"VALVE CHECK, 1/2"", 800#, ASTM A216 WCB, FLGD RF",Paradip,56,37129,40141604
BPCL-100372,BPCL,124,VALVE CHECK DN15 800LB CAST CS RAISED FACE,Kochi Refinery,141,37196,40141604
ONGC-100373,ONGC,125,GASKET-SPIRAL-WOUND-BW-1/2IN-CL800-A105,Hazira Plant,48,2894,31181504
IOCL-100374,IOCL,125,"GASKET SPIRAL WOUND, 1/2"", 800#, ASTM A105, BW ENDS",Panipat Refinery,139,3645,31181504
BPCL-100375,BPCL,125,GASKET SPIRAL WOUND DN15 800LB FORGED CS BUTTWELD,Mumbai Refinery,143,4844,31181504
ONGC-100376,ONGC,126,VALVE-GLOBE-BW-4IN-CL150-WCB,Ankleshwar,45,50220,40141612
IOCL-100377,IOCL,126,"VALVE GLOBE, 4"", 150#, ASTM A216 WCB, BW ENDS",Panipat Refinery,122,54051,40141612
BPCL-100378,BPCL,126,VALVE GLOBE 100NB 150LBS CAST CS BUTTWELD,Bina Refinery,38,52076,40141612
ONGC-100379,ONGC,127,VALVE-CHECK-BW-2IN-CL300-SS316,Hazira Plant,43,37003,40141604
IOCL-100380,IOCL,127,"VALVE CHECK, 2"", 300#, AISI 316, BW ENDS",Mathura Refinery,57,38125,40141604
BPCL-100381,BPCL,127,VALVE CHECK 50NB 300LBS 316SS BUTTWELD,Kochi Refinery,140,40531,40141604
ONGC-100382,ONGC,128,VALVE-GLOBE-RF-1/2IN-CL800-A105,Mumbai High Offshore,131,50954,40141612
IOCL-100383,IOCL,128,"VALVE GLOBE, 1/2"", 800#, ASTM A105, FLGD RF",Gujarat Refinery,105,54853,40141612
BPCL-100384,BPCL,128,VALVE GLOBE DN15 800LB FORGED CS RAISED FACE,Mumbai Refinery,80,51695,40141612
ONGC-100385,ONGC,129,VALVE-CHECK-RF-6IN-CL600-A105,Mumbai High Offshore,10,36131,40141604
IOCL-100386,IOCL,129,"VALVE CHECK, 6"", 600#, ASTM A105, FLGD RF",Mathura Refinery,59,40535,40141604
BPCL-100387,BPCL,129,VALVE CHECK 150MM 600LBS FORGED CS RAISED FACE,Bina Refinery,6,37906,40141604
ONGC-100388,ONGC,130,VALVE-GATE-BW-6IN-CL600-SS316,Hazira Plant,25,60541,40141611
IOCL-100389,IOCL,130,"VALVE GATE, 6"", 600#, AISI 316, BW ENDS",Paradip,146,58372,40141611
BPCL-100390,BPCL,130,VALVE GATE 150MM 600LBS 316SS BUTTWELD,Bina Refinery,64,60970,40141611
ONGC-100391,ONGC,131,VALVE-GLOBE-BW-1/2IN-CL300-SS316,Ankleshwar,82,51268,40141612
IOCL-100392,IOCL,131,"VALVE GLOBE, 1/2"", 300#, AISI 316, BW ENDS",Gujarat Refinery,75,52493,40141612
BPCL-100393,BPCL,131,VALVE GLOBE DN15 300LBS 316SS BUTTWELD,Mumbai Refinery,21,53053,40141612
ONGC-100394,ONGC,132,FLANGE-WELD-NECK-BW-1/2IN-CL150-WCB,Uran Trombay,0,11026,40173308
IOCL-100395,IOCL,132,"FLANGE WELD NECK, 1/2"", 150#, ASTM A216 WCB, BW ENDS",Gujarat Refinery,78,14732,40173308
BPCL-100396,BPCL,132,FLANGE WELD NECK DN15 150LBS CAST CS BUTTWELD,Kochi Refinery,22,12678,40173308
ONGC-100397,ONGC,133,VALVE-GLOBE-RF-1/2IN-CL300-SS316,Ankleshwar,141,53715,40141612
IOCL-100398,IOCL,133,"VALVE GLOBE, 1/2"", 300#, AISI 316, FLGD RF",Panipat Refinery,142,53014,40141612
BPCL-100399,BPCL,133,VALVE GLOBE DN15 300LBS 316SS RAISED FACE,Mumbai Refinery,31,50052,40141612
ONGC-100400,ONGC,134,VALVE-BALL-RF-2IN-CL150-WCB,Hazira Plant,20,46645,40141607
IOCL-100401,IOCL,134,"VALVE BALL, 2"", 150#, ASTM A216 WCB, FLGD RF",Gujarat Refinery,137,47055,40141607
BPCL-100402,BPCL,134,VALVE BALL 50NB 150LBS CAST CS RAISED FACE,Mumbai Refinery,135,47426,40141607
ONGC-100403,ONGC,135,VALVE-BALL-RF-8IN-CL800-SS316,Mumbai High Offshore,109,46969,40141607
IOCL-100404,IOCL,135,"VALVE BALL, 8"", 800#, AISI 316, FLGD RF",Panipat Refinery,105,45286,40141607
BPCL-100405,BPCL,135,VALVE BALL 200NB 800LB 316SS RAISED FACE,Mumbai Refinery,56,43032,40141607
ONGC-100406,ONGC,136,VALVE-GATE-BW-8IN-CL800-SS316,Hazira Plant,131,60900,40141611
IOCL-100407,IOCL,136,"VALVE GATE, 8"", 800#, AISI 316, BW ENDS",Gujarat Refinery,108,59895,40141611
BPCL-100408,BPCL,136,VALVE GATE 200NB 800LB 316SS BUTTWELD,Bina Refinery,87,62781,40141611
ONGC-100409,ONGC,137,VALVE-GATE-RF-6IN-CL600-SS316,Hazira Plant,119,62385,40141611
IOCL-100410,IOCL,137,"VALVE GATE, 6"", 600#, AISI 316, FLGD RF",Gujarat Refinery,78,61028,40141611
BPCL-100411,BPCL,137,VALVE GATE 150MM 600LBS 316SS RAISED FACE,Bina Refinery,43,60518,40141611
ONGC-100412,ONGC,138,FLANGE-WELD-NECK-RF-3IN-CL150-WCB,Hazira Plant,76,12088,40173308
IOCL-100413,IOCL,138,"FLANGE WELD NECK, 3"", 150#, ASTM A216 WCB, FLGD RF",Mathura Refinery,66,13367,40173308
BPCL-100414,BPCL,138,FLANGE WELD NECK DN80 150LBS CAST CS RAISED FACE,Mumbai Refinery,58,13075,40173308
ONGC-100415,ONGC,139,VALVE-GLOBE-BW-1/2IN-CL600-SS304,Ankleshwar,25,52020,40141612
IOCL-100416,IOCL,139,"VALVE GLOBE, 1/2"", 600#, 304SS, BW ENDS",Gujarat Refinery,74,53863,40141612
BPCL-100417,BPCL,139,VALVE GLOBE DN15 600LBS SS304 BUTTWELD,Kochi Refinery,127,53323,40141612
ONGC-100418,ONGC,140,FLANGE-WELD-NECK-BW-8IN-CL300-WCB,Hazira Plant,16,10218,40173308
IOCL-100419,IOCL,140,"FLANGE WELD NECK, 8"", 300#, ASTM A216 WCB, BW ENDS",Mathura Refinery,47,14846,40173308
BPCL-100420,BPCL,140,FLANGE WELD NECK 200NB 300LBS CAST CS BUTTWELD,Kochi Refinery,120,11735,40173308
ONGC-100421,ONGC,141,VALVE-GATE-BW-3IN-CL150-SS316,Uran Trombay,114,59993,40141611
IOCL-100422,IOCL,141,"VALVE GATE, 3"", 150#, AISI 316, BW ENDS",Gujarat Refinery,146,62680,40141611
BPCL-100423,BPCL,141,VALVE GATE DN80 150LBS 316SS BUTTWELD,Kochi Refinery,10,58652,40141611
ONGC-100424,ONGC,142,VALVE-BALL-BW-2IN-CL300-WCB,Uran Trombay,130,44939,40141607
IOCL-100425,IOCL,142,"VALVE BALL, 2"", 300#, ASTM A216 WCB, BW ENDS",Gujarat Refinery,135,43275,40141607
BPCL-100426,BPCL,142,VALVE BALL 50NB 300LBS CAST CS BUTTWELD,Mumbai Refinery,32,46492,40141607
ONGC-100427,ONGC,143,GASKET-SPIRAL-WOUND-BW-2IN-CL300-A105,Mumbai High Offshore,20,3922,31181504
IOCL-100428,IOCL,143,"GASKET SPIRAL WOUND, 2"", 300#, ASTM A105, BW ENDS",Gujarat Refinery,134,5448,31181504
BPCL-100429,BPCL,143,GASKET SPIRAL WOUND 50NB 300LBS FORGED CS BUTTWELD,Mumbai Refinery,104,5546,31181504
ONGC-100430,ONGC,144,GASKET-SPIRAL-WOUND-RF-3IN-CL800-SS304,Uran Trombay,24,5618,31181504
IOCL-100431,IOCL,144,"GASKET SPIRAL WOUND, 3"", 800#, 304SS, FLGD RF",Gujarat Refinery,129,4384,31181504
BPCL-100432,BPCL,144,GASKET SPIRAL WOUND DN80 800LB SS304 RAISED FACE,Bina Refinery,28,2605,31181504
ONGC-100433,ONGC,145,VALVE-BALL-RF-6IN-CL800-SS316,Ankleshwar,6,46085,40141607
IOCL-100434,IOCL,145,"VALVE BALL, 6"", 800#, AISI 316, FLGD RF",Gujarat Refinery,10,44587,40141607
BPCL-100435,BPCL,145,VALVE BALL 150MM 800LB 316SS RAISED FACE,Kochi Refinery,67,46454,40141607
ONGC-100436,ONGC,146,VALVE-BALL-BW-6IN-CL600-SS304,Mumbai High Offshore,20,46982,40141607
IOCL-100437,IOCL,146,"VALVE BALL, 6"", 600#, 304SS, BW ENDS",Paradip,104,47243,40141607
BPCL-100438,BPCL,146,VALVE BALL 150MM 600LBS SS304 BUTTWELD,Mumbai Refinery,44,44812,40141607
ONGC-100439,ONGC,147,VALVE-GATE-BW-2IN-CL800-SS316,Mumbai High Offshore,8,61128,40141611
IOCL-100440,IOCL,147,"VALVE GATE, 2"", 800#, AISI 316, BW ENDS",Mathura Refinery,134,60263,40141611
BPCL-100441,BPCL,147,VALVE GATE 50NB 800LB 316SS BUTTWELD,Kochi Refinery,139,61575,40141611
ONGC-100442,ONGC,148,VALVE-GATE-BW-8IN-CL800-SS304,Ankleshwar,44,59011,40141611
IOCL-100443,IOCL,148,"VALVE GATE, 8"", 800#, 304SS, BW ENDS",Panipat Refinery,112,59593,40141611
BPCL-100444,BPCL,148,VALVE GATE 200NB 800LB SS304 BUTTWELD,Kochi Refinery,113,58364,40141611
ONGC-100445,ONGC,149,VALVE-CHECK-BW-1/2IN-CL300-A105,Hazira Plant,105,39338,40141604
IOCL-100446,IOCL,149,"VALVE CHECK, 1/2"", 300#, ASTM A105, BW ENDS",Mathura Refinery,118,39708,40141604
BPCL-100447,BPCL,149,VALVE CHECK DN15 300LBS FORGED CS BUTTWELD,Bina Refinery,22,39500,40141604
ONGC-100448,ONGC,150,FLANGE-WELD-NECK-RF-4IN-CL600-SS304,Mumbai High Offshore,106,12970,40173308
IOCL-100449,IOCL,150,"FLANGE WELD NECK, 4"", 600#, 304SS, FLGD RF",Gujarat Refinery,23,14723,40173308
BPCL-100450,BPCL,150,FLANGE WELD NECK 100NB 600LBS SS304 RAISED FACE,Mumbai Refinery,61,11363,40173308
ONGC-100451,ONGC,151,VALVE-BALL-BW-1/2IN-CL600-SS304,Ankleshwar,2,46947,40141607
IOCL-100452,IOCL,151,"VALVE BALL, 1/2"", 600#, 304SS, BW ENDS",Panipat Refinery,80,43424,40141607
BPCL-100453,BPCL,151,VALVE BALL DN15 600LBS SS304 BUTTWELD,Mumbai Refinery,5,44165,40141607
ONGC-100454,ONGC,152,VALVE-GLOBE-BW-6IN-CL150-WCB,Hazira Plant,77,51032,40141612
IOCL-100455,IOCL,152,"VALVE GLOBE, 6"", 150#, ASTM A216 WCB, BW ENDS",Paradip,123,52489,40141612
BPCL-100456,BPCL,152,VALVE GLOBE 150MM 150LBS CAST CS BUTTWELD,Kochi Refinery,107,50153,40141612
ONGC-100457,ONGC,153,VALVE-GLOBE-BW-2IN-CL800-SS304,Mumbai High Offshore,77,53051,40141612
IOCL-100458,IOCL,153,"VALVE GLOBE, 2"", 800#, 304SS, BW ENDS",Paradip,118,53762,40141612
BPCL-100459,BPCL,153,VALVE GLOBE 50NB 800LB SS304 BUTTWELD,Kochi Refinery,69,53124,40141612
ONGC-100460,ONGC,154,GASKET-SPIRAL-WOUND-BW-1/2IN-CL800-SS316,Mumbai High Offshore,13,3237,31181504
IOCL-100461,IOCL,154,"GASKET SPIRAL WOUND, 1/2"", 800#, AISI 316, BW ENDS",Paradip,39,5661,31181504
BPCL-100462,BPCL,154,GASKET SPIRAL WOUND DN15 800LB 316SS BUTTWELD,Kochi Refinery,91,3542,31181504
ONGC-100463,ONGC,155,VALVE-BALL-RF-6IN-CL600-A105,Ankleshwar,132,44575,40141607
IOCL-100464,IOCL,155,"VALVE BALL, 6"", 600#, ASTM A105, FLGD RF",Paradip,130,47745,40141607
BPCL-100465,BPCL,155,VALVE BALL 150MM 600LBS FORGED CS RAISED FACE,Kochi Refinery,69,47680,40141607
ONGC-100466,ONGC,156,FLANGE-WELD-NECK-RF-6IN-CL300-A105,Uran Trombay,68,10956,40173308
IOCL-100467,IOCL,156,"FLANGE WELD NECK, 6"", 300#, ASTM A105, FLGD RF",Gujarat Refinery,54,12702,40173308
BPCL-100468,BPCL,156,FLANGE WELD NECK 150MM 300LBS FORGED CS RAISED FACE,Mumbai Refinery,31,12077,40173308
ONGC-100469,ONGC,157,VALVE-GATE-BW-4IN-CL800-A105,Mumbai High Offshore,63,58035,40141611
IOCL-100470,IOCL,157,"VALVE GATE, 4"", 800#, ASTM A105, BW ENDS",Panipat Refinery,148,61993,40141611
BPCL-100471,BPCL,157,VALVE GATE 100NB 800LB FORGED CS BUTTWELD,Bina Refinery,110,61265,40141611
ONGC-100472,ONGC,158,VALVE-GLOBE-BW-3IN-CL300-A105,Mumbai High Offshore,59,54929,40141612
IOCL-100473,IOCL,158,"VALVE GLOBE, 3"", 300#, ASTM A105, BW ENDS",Paradip,26,54424,40141612
BPCL-100474,BPCL,158,VALVE GLOBE DN80 300LBS FORGED CS BUTTWELD,Mumbai Refinery,19,50930,40141612
ONGC-100475,ONGC,159,VALVE-GATE-RF-3IN-CL800-WCB,Uran Trombay,80,58562,40141611
IOCL-100476,IOCL,159,"VALVE GATE, 3"", 800#, ASTM A216 WCB, FLGD RF",Mathura Refinery,18,60780,40141611
BPCL-100477,BPCL,159,VALVE GATE DN80 800LB CAST CS RAISED FACE,Kochi Refinery,40,60593,40141611
ONGC-100478,ONGC,160,VALVE-GLOBE-RF-2IN-CL150-SS316,Uran Trombay,85,54792,40141612
IOCL-100479,IOCL,160,"VALVE GLOBE, 2"", 150#, AISI 316, FLGD RF",Gujarat Refinery,73,52546,40141612
BPCL-100480,BPCL,160,VALVE GLOBE 50NB 150LBS 316SS RAISED FACE,Mumbai Refinery,112,50092,40141612
ONGC-100481,ONGC,161,VALVE-CHECK-BW-6IN-CL800-WCB,Mumbai High Offshore,106,36732,40141604
IOCL-100482,IOCL,161,"VALVE CHECK, 6"", 800#, ASTM A216 WCB, BW ENDS",Mathura Refinery,34,37940,40141604
BPCL-100483,BPCL,161,VALVE CHECK 150MM 800LB CAST CS BUTTWELD,Kochi Refinery,116,39061,40141604
ONGC-100484,ONGC,162,GASKET-SPIRAL-WOUND-RF-6IN-CL150-SS316,Ankleshwar,0,4789,31181504
IOCL-100485,IOCL,162,"GASKET SPIRAL WOUND, 6"", 150#, AISI 316, FLGD RF",Gujarat Refinery,102,6266,31181504
BPCL-100486,BPCL,162,GASKET SPIRAL WOUND 150MM 150LBS 316SS RAISED FACE,Bina Refinery,142,3992,31181504
ONGC-100487,ONGC,163,VALVE-BALL-BW-2IN-CL300-SS316,Uran Trombay,128,44358,40141607
IOCL-100488,IOCL,163,"VALVE BALL, 2"", 300#, AISI 316, BW ENDS",Paradip,11,44676,40141607
BPCL-100489,BPCL,163,VALVE BALL 50NB 300LBS 316SS BUTTWELD,Bina Refinery,15,43279,40141607
ONGC-100490,ONGC,164,VALVE-CHECK-RF-8IN-CL800-A105,Uran Trombay,89,38419,40141604
IOCL-100491,IOCL,164,"VALVE CHECK, 8"", 800#, ASTM A105, FLGD RF",Panipat Refinery,75,38519,40141604
BPCL-100492,BPCL,164,VALVE CHECK 200NB 800LB FORGED CS RAISED FACE,Bina Refinery,77,39521,40141604
ONGC-100493,ONGC,165,VALVE-BALL-RF-3IN-CL600-SS316,Mumbai High Offshore,14,44609,40141607
IOCL-100494,IOCL,165,"VALVE BALL, 3"", 600#, AISI 316, FLGD RF",Panipat Refinery,35,43688,40141607
BPCL-100495,BPCL,165,VALVE BALL DN80 600LBS 316SS RAISED FACE,Kochi Refinery,64,44201,40141607
ONGC-100496,ONGC,166,GASKET-SPIRAL-WOUND-RF-1/2IN-CL300-A105,Ankleshwar,61,6124,31181504
IOCL-100497,IOCL,166,"GASKET SPIRAL WOUND, 1/2"", 300#, ASTM A105, FLGD RF",Paradip,35,5909,31181504
BPCL-100498,BPCL,166,GASKET SPIRAL WOUND DN15 300LBS FORGED CS RAISED FACE,Mumbai Refinery,36,4561,31181504
ONGC-100499,ONGC,167,FLANGE-WELD-NECK-BW-1/2IN-CL300-SS316,Ankleshwar,19,11684,40173308
IOCL-100500,IOCL,167,"FLANGE WELD NECK, 1/2"", 300#, AISI 316, BW ENDS",Paradip,116,12037,40173308
BPCL-100501,BPCL,167,FLANGE WELD NECK DN15 300LBS 316SS BUTTWELD,Mumbai Refinery,149,13584,40173308
ONGC-100502,ONGC,168,VALVE-GATE-BW-2IN-CL600-WCB,Mumbai High Offshore,5,59143,40141611
IOCL-100503,IOCL,168,"VALVE GATE, 2"", 600#, ASTM A216 WCB, BW ENDS",Mathura Refinery,85,61835,40141611
BPCL-100504,BPCL,168,VALVE GATE 50NB 600LBS CAST CS BUTTWELD,Kochi Refinery,116,59600,40141611
ONGC-100505,ONGC,169,VALVE-GLOBE-RF-4IN-CL300-SS304,Uran Trombay,139,50851,40141612
IOCL-100506,IOCL,169,"VALVE GLOBE, 4"", 300#, 304SS, FLGD RF",Panipat Refinery,148,50204,40141612
BPCL-100507,BPCL,169,VALVE GLOBE 100NB 300LBS SS304 RAISED FACE,Kochi Refinery,57,53518,40141612
ONGC-100508,ONGC,170,GASKET-SPIRAL-WOUND-RF-1IN-CL600-WCB,Hazira Plant,134,4102,31181504
IOCL-100509,IOCL,170,"GASKET SPIRAL WOUND, 1"", 600#, ASTM A216 WCB, FLGD RF",Gujarat Refinery,81,5732,31181504
BPCL-100510,BPCL,170,GASKET SPIRAL WOUND 25NB 600LBS CAST CS RAISED FACE,Mumbai Refinery,121,5360,31181504
ONGC-100511,ONGC,171,VALVE-BALL-BW-8IN-CL300-SS316,Ankleshwar,55,46087,40141607
IOCL-100512,IOCL,171,"VALVE BALL, 8"", 300#, AISI 316, BW ENDS",Panipat Refinery,96,47064,40141607
BPCL-100513,BPCL,171,VALVE BALL 200NB 300LBS 316SS BUTTWELD,Kochi Refinery,73,46159,40141607
ONGC-100514,ONGC,172,FLANGE-WELD-NECK-RF-2IN-CL300-SS316,Ankleshwar,4,13580,40173308
IOCL-100515,IOCL,172,"FLANGE WELD NECK, 2"", 300#, AISI 316, FLGD RF",Mathura Refinery,124,10032,40173308
BPCL-100516,BPCL,172,FLANGE WELD NECK 50NB 300LBS 316SS RAISED FACE,Bina Refinery,72,10285,40173308
ONGC-100517,ONGC,173,VALVE-BALL-BW-4IN-CL600-A105,Uran Trombay,72,45302,40141607
IOCL-100518,IOCL,173,"VALVE BALL, 4"", 600#, ASTM A105, BW ENDS",Gujarat Refinery,84,43445,40141607
BPCL-100519,BPCL,173,VALVE BALL 100NB 600LBS FORGED CS BUTTWELD,Bina Refinery,28,45314,40141607
ONGC-100520,ONGC,174,VALVE-CHECK-BW-8IN-CL150-SS304,Mumbai High Offshore,119,38006,40141604
IOCL-100521,IOCL,174,"VALVE CHECK, 8"", 150#, 304SS, BW ENDS",Mathura Refinery,111,37079,40141604
BPCL-100522,BPCL,174,VALVE CHECK 200NB 150LBS SS304 BUTTWELD,Kochi Refinery,132,40375,40141604
ONGC-100523,ONGC,175,FLANGE-WELD-NECK-BW-8IN-CL300-WCB,Hazira Plant,116,12109,40173308
IOCL-100524,IOCL,175,"FLANGE WELD NECK, 8"", 300#, ASTM A216 WCB, BW ENDS",Panipat Refinery,100,12814,40173308
BPCL-100525,BPCL,175,FLANGE WELD NECK 200NB 300LBS CAST CS BUTTWELD,Bina Refinery,31,12510,40173308
ONGC-100526,ONGC,176,VALVE-BALL-RF-8IN-CL300-WCB,Hazira Plant,67,44237,40141607
IOCL-100527,IOCL,176,"VALVE BALL, 8"", 300#, ASTM A216 WCB, FLGD RF",Mathura Refinery,45,44811,40141607
BPCL-100528,BPCL,176,VALVE BALL 200NB 300LBS CAST CS RAISED FACE,Kochi Refinery,82,45785,40141607
ONGC-100529,ONGC,177,VALVE-GATE-BW-2IN-CL800-SS304,Mumbai High Offshore,60,61523,40141611
IOCL-100530,IOCL,177,"VALVE GATE, 2"", 800#, 304SS, BW ENDS",Mathura Refinery,72,58066,40141611
BPCL-100531,BPCL,177,VALVE GATE 50NB 800LB SS304 BUTTWELD,Mumbai Refinery,67,60700,40141611
ONGC-100532,ONGC,178,VALVE-GATE-BW-1IN-CL600-WCB,Hazira Plant,140,58904,40141611
IOCL-100533,IOCL,178,"VALVE GATE, 1"", 600#, ASTM A216 WCB, BW ENDS",Paradip,60,61180,40141611
BPCL-100534,BPCL,178,VALVE GATE 25NB 600LBS CAST CS BUTTWELD,Mumbai Refinery,105,58963,40141611
ONGC-100535,ONGC,179,VALVE-CHECK-RF-2IN-CL800-WCB,Ankleshwar,40,39337,40141604
IOCL-100536,IOCL,179,"VALVE CHECK, 2"", 800#, ASTM A216 WCB, FLGD RF",Mathura Refinery,41,38418,40141604
BPCL-100537,BPCL,179,VALVE CHECK 50NB 800LB CAST CS RAISED FACE,Bina Refinery,76,39492,40141604
ONGC-100538,ONGC,180,FLANGE-WELD-NECK-RF-2IN-CL150-A105,Uran Trombay,52,14374,40173308
IOCL-100539,IOCL,180,"FLANGE WELD NECK, 2"", 150#, ASTM A105, FLGD RF",Mathura Refinery,99,13549,40173308
BPCL-100540,BPCL,180,FLANGE WELD NECK 50NB 150LBS FORGED CS RAISED FACE,Bina Refinery,33,10160,40173308
ONGC-100541,ONGC,181,GASKET-SPIRAL-WOUND-BW-4IN-CL300-SS304,Uran Trombay,102,5064,31181504
IOCL-100542,IOCL,181,"GASKET SPIRAL WOUND, 4"", 300#, 304SS, BW ENDS",Mathura Refinery,104,1914,31181504
BPCL-100543,BPCL,181,GASKET SPIRAL WOUND 100NB 300LBS SS304 BUTTWELD,Kochi Refinery,128,2770,31181504
ONGC-100544,ONGC,182,VALVE-CHECK-BW-8IN-CL150-A105,Mumbai High Offshore,140,38177,40141604
IOCL-100545,IOCL,182,"VALVE CHECK, 8"", 150#, ASTM A105, BW ENDS",Panipat Refinery,53,39985,40141604
BPCL-100546,BPCL,182,VALVE CHECK 200NB 150LBS FORGED CS BUTTWELD,Kochi Refinery,132,40608,40141604
ONGC-100547,ONGC,183,VALVE-CHECK-BW-1/2IN-CL800-SS304,Mumbai High Offshore,44,40273,40141604
IOCL-100548,IOCL,183,"VALVE CHECK, 1/2"", 800#, 304SS, BW ENDS",Gujarat Refinery,141,37845,40141604
BPCL-100549,BPCL,183,VALVE CHECK DN15 800LB SS304 BUTTWELD,Mumbai Refinery,132,40834,40141604
ONGC-100550,ONGC,184,GASKET-SPIRAL-WOUND-BW-6IN-CL600-SS304,Hazira Plant,135,2458,31181504
IOCL-100551,IOCL,184,"GASKET SPIRAL WOUND, 6"", 600#, 304SS, BW ENDS",Panipat Refinery,7,5606,31181504
BPCL-100552,BPCL,184,GASKET SPIRAL WOUND 150MM 600LBS SS304 BUTTWELD,Bina Refinery,73,4846,31181504
ONGC-100553,ONGC,185,VALVE-BALL-RF-2IN-CL150-A105,Mumbai High Offshore,117,45447,40141607
IOCL-100554,IOCL,185,"VALVE BALL, 2"", 150#, ASTM A105, FLGD RF",Paradip,83,43497,40141607
BPCL-100555,BPCL,185,VALVE BALL 50NB 150LBS FORGED CS RAISED FACE,Kochi Refinery,26,45915,40141607
ONGC-100556,ONGC,186,VALVE-CHECK-BW-2IN-CL800-A105,Uran Trombay,140,40962,40141604
IOCL-100557,IOCL,186,"VALVE CHECK, 2"", 800#, ASTM A105, BW ENDS",Panipat Refinery,97,39076,40141604
BPCL-100558,BPCL,186,VALVE CHECK 50NB 800LB FORGED CS BUTTWELD,Mumbai Refinery,128,36112,40141604
ONGC-100559,ONGC,187,GASKET-SPIRAL-WOUND-BW-1/2IN-CL150-A105,Mumbai High Offshore,33,4491,31181504
IOCL-100560,IOCL,187,"GASKET SPIRAL WOUND, 1/2"", 150#, ASTM A105, BW ENDS",Gujarat Refinery,49,4536,31181504
BPCL-100561,BPCL,187,GASKET SPIRAL WOUND DN15 150LBS FORGED CS BUTTWELD,Kochi Refinery,144,5768,31181504
ONGC-100562,ONGC,188,VALVE-GLOBE-RF-8IN-CL300-WCB,Mumbai High Offshore,0,54448,40141612
IOCL-100563,IOCL,188,"VALVE GLOBE, 8"", 300#, ASTM A216 WCB, FLGD RF",Mathura Refinery,93,54521,40141612
BPCL-100564,BPCL,188,VALVE GLOBE 200NB 300LBS CAST CS RAISED FACE,Mumbai Refinery,126,54959,40141612
ONGC-100565,ONGC,189,GASKET-SPIRAL-WOUND-RF-1/2IN-CL600-SS316,Mumbai High Offshore,114,4466,31181504
IOCL-100566,IOCL,189,"GASKET SPIRAL WOUND, 1/2"", 600#, AISI 316, FLGD RF",Panipat Refinery,92,3633,31181504
BPCL-100567,BPCL,189,GASKET SPIRAL WOUND DN15 600LBS 316SS RAISED FACE,Mumbai Refinery,124,2565,31181504
ONGC-100568,ONGC,190,VALVE-CHECK-RF-3IN-CL150-SS316,Uran Trombay,78,38238,40141604
IOCL-100569,IOCL,190,"VALVE CHECK, 3"", 150#, AISI 316, FLGD RF",Mathura Refinery,138,38849,40141604
BPCL-100570,BPCL,190,VALVE CHECK DN80 150LBS 316SS RAISED FACE,Mumbai Refinery,68,36796,40141604
ONGC-100571,ONGC,191,GASKET-SPIRAL-WOUND-RF-4IN-CL600-SS316,Mumbai High Offshore,85,2496,31181504
IOCL-100572,IOCL,191,"GASKET SPIRAL WOUND, 4"", 600#, AISI 316, FLGD RF",Mathura Refinery,83,2708,31181504
BPCL-100573,BPCL,191,GASKET SPIRAL WOUND 100NB 600LBS 316SS RAISED FACE,Mumbai Refinery,82,5965,31181504
ONGC-100574,ONGC,192,FLANGE-WELD-NECK-RF-3IN-CL800-WCB,Ankleshwar,99,11499,40173308
IOCL-100575,IOCL,192,"FLANGE WELD NECK, 3"", 800#, ASTM A216 WCB, FLGD RF",Gujarat Refinery,92,12470,40173308
BPCL-100576,BPCL,192,FLANGE WELD NECK DN80 800LB CAST CS RAISED FACE,Bina Refinery,34,10405,40173308
ONGC-100577,ONGC,193,VALVE-GATE-RF-1IN-CL150-SS316,Hazira Plant,123,60062,40141611
IOCL-100578,IOCL,193,"VALVE GATE, 1"", 150#, AISI 316, FLGD RF",Panipat Refinery,111,58592,40141611
BPCL-100579,BPCL,193,VALVE GATE 25NB 150LBS 316SS RAISED FACE,Kochi Refinery,2,59965,40141611
ONGC-100580,ONGC,194,VALVE-GATE-RF-3IN-CL300-A105,Ankleshwar,110,61220,40141611
IOCL-100581,IOCL,194,"VALVE GATE, 3"", 300#, ASTM A105, FLGD RF",Paradip,62,61518,40141611
BPCL-100582,BPCL,194,VALVE GATE DN80 300LBS FORGED CS RAISED FACE,Mumbai Refinery,39,59562,40141611
ONGC-100583,ONGC,195,VALVE-BALL-BW-6IN-CL150-A105,Mumbai High Offshore,37,44855,40141607
IOCL-100584,IOCL,195,"VALVE BALL, 6"", 150#, ASTM A105, BW ENDS",Panipat Refinery,147,45241,40141607
BPCL-100585,BPCL,195,VALVE BALL 150MM 150LBS FORGED CS BUTTWELD,Kochi Refinery,150,45328,40141607
ONGC-100586,ONGC,196,VALVE-BALL-BW-4IN-CL600-SS304,Mumbai High Offshore,64,46720,40141607
IOCL-100587,IOCL,196,"VALVE BALL, 4"", 600#, 304SS, BW ENDS",Paradip,15,46990,40141607
BPCL-100588,BPCL,196,VALVE BALL 100NB 600LBS SS304 BUTTWELD,Mumbai Refinery,47,43386,40141607
ONGC-100589,ONGC,197,VALVE-GLOBE-RF-3IN-CL150-WCB,Hazira Plant,102,52357,40141612
IOCL-100590,IOCL,197,"VALVE GLOBE, 3"", 150#, ASTM A216 WCB, FLGD RF",Paradip,32,53795,40141612
BPCL-100591,BPCL,197,VALVE GLOBE DN80 150LBS CAST CS RAISED FACE,Kochi Refinery,115,53480,40141612
ONGC-100592,ONGC,198,VALVE-GATE-BW-1IN-CL800-A105,Ankleshwar,0,59561,40141611
IOCL-100593,IOCL,198,"VALVE GATE, 1"", 800#, ASTM A105, BW ENDS",Gujarat Refinery,140,58838,40141611
BPCL-100594,BPCL,198,VALVE GATE 25NB 800LB FORGED CS BUTTWELD,Bina Refinery,76,59741,40141611
ONGC-100595,ONGC,199,VALVE-GLOBE-RF-4IN-CL600-SS316,Uran Trombay,116,52412,40141612
IOCL-100596,IOCL,199,"VALVE GLOBE, 4"", 600#, AISI 316, FLGD RF",Paradip,103,51115,40141612
BPCL-100597,BPCL,199,VALVE GLOBE 100NB 600LBS 316SS RAISED FACE,Kochi Refinery,104,50008,40141612
ONGC-100598,ONGC,200,VALVE-GLOBE-BW-3IN-CL300-SS304,Hazira Plant,88,50538,40141612
IOCL-100599,IOCL,200,"VALVE GLOBE, 3"", 300#, 304SS, BW ENDS",Panipat Refinery,124,54456,40141612
BPCL-100600,BPCL,200,VALVE GLOBE DN80 300LBS SS304 BUTTWELD,Kochi Refinery,31,52453,40141612
ONGC-100601,ONGC,201,GASKET-SPIRAL-WOUND-BW-3IN-CL150-A105,Hazira Plant,78,3671,31181504
IOCL-100602,IOCL,201,"GASKET SPIRAL WOUND, 3"", 150#, ASTM A105, BW ENDS",Panipat Refinery,100,2441,31181504
BPCL-100603,BPCL,201,GASKET SPIRAL WOUND DN80 150LBS FORGED CS BUTTWELD,Kochi Refinery,49,5874,31181504
ONGC-100604,ONGC,202,VALVE-BALL-RF-1/2IN-CL300-SS304,Ankleshwar,23,47936,40141607
IOCL-100605,IOCL,202,"VALVE BALL, 1/2"", 300#, 304SS, FLGD RF",Panipat Refinery,106,43582,40141607
BPCL-100606,BPCL,202,VALVE BALL DN15 300LBS SS304 RAISED FACE,Bina Refinery,117,46449,40141607
ONGC-100607,ONGC,203,FLANGE-WELD-NECK-BW-4IN-CL600-WCB,Hazira Plant,62,14807,40173308
IOCL-100608,IOCL,203,"FLANGE WELD NECK, 4"", 600#, ASTM A216 WCB, BW ENDS",Gujarat Refinery,15,12092,40173308
BPCL-100609,BPCL,203,FLANGE WELD NECK 100NB 600LBS CAST CS BUTTWELD,Bina Refinery,118,10946,40173308
ONGC-100610,ONGC,204,VALVE-GLOBE-BW-4IN-CL600-WCB,Ankleshwar,27,50061,40141612
IOCL-100611,IOCL,204,"VALVE GLOBE, 4"", 600#, ASTM A216 WCB, BW ENDS",Panipat Refinery,9,52794,40141612
BPCL-100612,BPCL,204,VALVE GLOBE 100NB 600LBS CAST CS BUTTWELD,Kochi Refinery,136,50278,40141612
ONGC-100613,ONGC,205,VALVE-BALL-BW-8IN-CL800-SS304,Ankleshwar,41,45386,40141607
IOCL-100614,IOCL,205,"VALVE BALL, 8"", 800#, 304SS, BW ENDS",Paradip,110,45552,40141607
BPCL-100615,BPCL,205,VALVE BALL 200NB 800LB SS304 BUTTWELD,Kochi Refinery,133,46492,40141607
ONGC-100616,ONGC,206,VALVE-GATE-BW-6IN-CL800-SS316,Ankleshwar,132,62368,40141611
IOCL-100617,IOCL,206,"VALVE GATE, 6"", 800#, AISI 316, BW ENDS",Gujarat Refinery,12,59396,40141611
BPCL-100618,BPCL,206,VALVE GATE 150MM 800LB 316SS BUTTWELD,Mumbai Refinery,1,62946,40141611
ONGC-100619,ONGC,207,VALVE-GLOBE-BW-1IN-CL600-A105,Mumbai High Offshore,7,53252,40141612
IOCL-100620,IOCL,207,"VALVE GLOBE, 1"", 600#, ASTM A105, BW ENDS",Panipat Refinery,24,51251,40141612
BPCL-100621,BPCL,207,VALVE GLOBE 25NB 600LBS FORGED CS BUTTWELD,Kochi Refinery,121,52522,40141612
ONGC-100622,ONGC,208,GASKET-SPIRAL-WOUND-RF-4IN-CL800-A105,Ankleshwar,15,5702,31181504
IOCL-100623,IOCL,208,"GASKET SPIRAL WOUND, 4"", 800#, ASTM A105, FLGD RF",Mathura Refinery,116,3700,31181504
BPCL-100624,BPCL,208,GASKET SPIRAL WOUND 100NB 800LB FORGED CS RAISED FACE,Kochi Refinery,87,2328,31181504
ONGC-100625,ONGC,209,VALVE-GLOBE-RF-8IN-CL800-SS304,Hazira Plant,2,52017,40141612
IOCL-100626,IOCL,209,"VALVE GLOBE, 8"", 800#, 304SS, FLGD RF",Gujarat Refinery,123,53449,40141612
BPCL-100627,BPCL,209,VALVE GLOBE 200NB 800LB SS304 RAISED FACE,Bina Refinery,149,52245,40141612
ONGC-100628,ONGC,210,FLANGE-WELD-NECK-RF-1IN-CL300-WCB,Ankleshwar,149,13961,40173308
IOCL-100629,IOCL,210,"FLANGE WELD NECK, 1"", 300#, ASTM A216 WCB, FLGD RF",Gujarat Refinery,96,10762,40173308
BPCL-100630,BPCL,210,FLANGE WELD NECK 25NB 300LBS CAST CS RAISED FACE,Mumbai Refinery,28,12927,40173308
ONGC-100631,ONGC,211,VALVE-CHECK-RF-3IN-CL150-SS304,Ankleshwar,127,36235,40141604
IOCL-100632,IOCL,211,"VALVE CHECK, 3"", 150#, 304SS, FLGD RF",Gujarat Refinery,145,40056,40141604
BPCL-100633,BPCL,211,VALVE CHECK DN80 150LBS SS304 RAISED FACE,Mumbai Refinery,10,38858,40141604
ONGC-100634,ONGC,212,FLANGE-WELD-NECK-BW-2IN-CL800-A105,Mumbai High Offshore,117,13670,40173308
IOCL-100635,IOCL,212,"FLANGE WELD NECK, 2"", 800#, ASTM A105, BW ENDS",Gujarat Refinery,104,12739,40173308
BPCL-100636,BPCL,212,FLANGE WELD NECK 50NB 800LB FORGED CS BUTTWELD,Kochi Refinery,124,13195,40173308
ONGC-100637,ONGC,213,VALVE-GATE-BW-3IN-CL600-SS316,Ankleshwar,54,60859,40141611
IOCL-100638,IOCL,213,"VALVE GATE, 3"", 600#, AISI 316, BW ENDS",Gujarat Refinery,86,61958,40141611
BPCL-100639,BPCL,213,VALVE GATE DN80 600LBS 316SS BUTTWELD,Kochi Refinery,94,62819,40141611
ONGC-100640,ONGC,214,GASKET-SPIRAL-WOUND-RF-3IN-CL600-SS304,Mumbai High Offshore,39,4565,31181504
IOCL-100641,IOCL,214,"GASKET SPIRAL WOUND, 3"", 600#, 304SS, FLGD RF",Panipat Refinery,124,6228,31181504
BPCL-100642,BPCL,214,GASKET SPIRAL WOUND DN80 600LBS SS304 RAISED FACE,Bina Refinery,108,5696,31181504
ONGC-100643,ONGC,215,VALVE-BALL-BW-3IN-CL150-SS304,Mumbai High Offshore,18,43147,40141607
IOCL-100644,IOCL,215,"VALVE BALL, 3"", 150#, 304SS, BW ENDS",Panipat Refinery,63,44101,40141607
BPCL-100645,BPCL,215,VALVE BALL DN80 150LBS SS304 BUTTWELD,Mumbai Refinery,142,45564,40141607
ONGC-100646,ONGC,216,VALVE-BALL-RF-2IN-CL150-A105,Hazira Plant,27,46867,40141607
IOCL-100647,IOCL,216,"VALVE BALL, 2"", 150#, ASTM A105, FLGD RF",Panipat Refinery,13,44420,40141607
BPCL-100648,BPCL,216,VALVE BALL 50NB 150LBS FORGED CS RAISED FACE,Kochi Refinery,87,47347,40141607
ONGC-100649,ONGC,217,GASKET-SPIRAL-WOUND-BW-6IN-CL600-WCB,Hazira Plant,17,2714,31181504
IOCL-100650,IOCL,217,"GASKET SPIRAL WOUND, 6"", 600#, ASTM A216 WCB, BW ENDS",Paradip,29,4828,31181504
BPCL-100651,BPCL,217,GASKET SPIRAL WOUND 150MM 600LBS CAST CS BUTTWELD,Kochi Refinery,106,4555,31181504
ONGC-100652,ONGC,218,VALVE-CHECK-RF-4IN-CL300-SS304,Mumbai High Offshore,79,38311,40141604
IOCL-100653,IOCL,218,"VALVE CHECK, 4"", 300#, 304SS, FLGD RF",Paradip,118,40488,40141604
BPCL-100654,BPCL,218,VALVE CHECK 100NB 300LBS SS304 RAISED FACE,Kochi Refinery,100,40514,40141604
ONGC-100655,ONGC,219,VALVE-GLOBE-BW-2IN-CL150-SS316,Mumbai High Offshore,20,50632,40141612
IOCL-100656,IOCL,219,"VALVE GLOBE, 2"", 150#, AISI 316, BW ENDS",Mathura Refinery,98,50969,40141612
BPCL-100657,BPCL,219,VALVE GLOBE 50NB 150LBS 316SS BUTTWELD,Mumbai Refinery,150,54097,40141612
ONGC-100658,ONGC,220,VALVE-GLOBE-BW-1/2IN-CL150-SS304,Ankleshwar,143,52312,40141612
IOCL-100659,IOCL,220,"VALVE GLOBE, 1/2"", 150#, 304SS, BW ENDS",Paradip,85,52414,40141612
BPCL-100660,BPCL,220,VALVE GLOBE DN15 150LBS SS304 BUTTWELD,Bina Refinery,0,51769,40141612
ONGC-100661,ONGC,221,GASKET-SPIRAL-WOUND-RF-2IN-CL600-SS316,Hazira Plant,110,5515,31181504
IOCL-100662,IOCL,221,"GASKET SPIRAL WOUND, 2"", 600#, AISI 316, FLGD RF",Gujarat Refinery,16,5331,31181504
BPCL-100663,BPCL,221,GASKET SPIRAL WOUND 50NB 600LBS 316SS RAISED FACE,Kochi Refinery,14,5294,31181504
ONGC-100664,ONGC,222,VALVE-BALL-RF-8IN-CL600-SS316,Ankleshwar,28,45216,40141607
IOCL-100665,IOCL,222,"VALVE BALL, 8"", 600#, AISI 316, FLGD RF",Paradip,15,45823,40141607
BPCL-100666,BPCL,222,VALVE BALL 200NB 600LBS 316SS RAISED FACE,Bina Refinery,34,46797,40141607
ONGC-100667,ONGC,223,VALVE-GLOBE-RF-2IN-CL300-A105,Ankleshwar,9,51497,40141612
IOCL-100668,IOCL,223,"VALVE GLOBE, 2"", 300#, ASTM A105, FLGD RF",Gujarat Refinery,150,51574,40141612
BPCL-100669,BPCL,223,VALVE GLOBE 50NB 300LBS FORGED CS RAISED FACE,Mumbai Refinery,12,52302,40141612
ONGC-100670,ONGC,224,VALVE-GATE-RF-1IN-CL600-SS304,Mumbai High Offshore,129,62441,40141611
IOCL-100671,IOCL,224,"VALVE GATE, 1"", 600#, 304SS, FLGD RF",Gujarat Refinery,81,62891,40141611
BPCL-100672,BPCL,224,VALVE GATE 25NB 600LBS SS304 RAISED FACE,Mumbai Refinery,39,61586,40141611
ONGC-100673,ONGC,225,VALVE-GATE-RF-2IN-CL300-A105,Ankleshwar,6,59248,40141611
IOCL-100674,IOCL,225,"VALVE GATE, 2"", 300#, ASTM A105, FLGD RF",Paradip,136,59958,40141611
BPCL-100675,BPCL,225,VALVE GATE 50NB 300LBS FORGED CS RAISED FACE,Bina Refinery,91,58419,40141611
ONGC-100676,ONGC,226,GASKET-SPIRAL-WOUND-BW-6IN-CL150-SS304,Ankleshwar,130,5058,31181504
IOCL-100677,IOCL,226,"GASKET SPIRAL WOUND, 6"", 150#, 304SS, BW ENDS",Mathura Refinery,60,4192,31181504
BPCL-100678,BPCL,226,GASKET SPIRAL WOUND 150MM 150LBS SS304 BUTTWELD,Bina Refinery,71,4102,31181504
ONGC-100679,ONGC,227,VALVE-CHECK-BW-3IN-CL600-WCB,Ankleshwar,25,38715,40141604
IOCL-100680,IOCL,227,"VALVE CHECK, 3"", 600#, ASTM A216 WCB, BW ENDS",Gujarat Refinery,139,37023,40141604
BPCL-100681,BPCL,227,VALVE CHECK DN80 600LBS CAST CS BUTTWELD,Mumbai Refinery,100,38572,40141604
ONGC-100682,ONGC,228,GASKET-SPIRAL-WOUND-RF-3IN-CL800-SS304,Ankleshwar,143,5159,31181504
IOCL-100683,IOCL,228,"GASKET SPIRAL WOUND, 3"", 800#, 304SS, FLGD RF",Gujarat Refinery,145,3424,31181504
BPCL-100684,BPCL,228,GASKET SPIRAL WOUND DN80 800LB SS304 RAISED FACE,Kochi Refinery,122,5530,31181504
ONGC-100685,ONGC,229,GASKET-SPIRAL-WOUND-BW-4IN-CL800-SS316,Uran Trombay,60,6008,31181504
IOCL-100686,IOCL,229,"GASKET SPIRAL WOUND, 4"", 800#, AISI 316, BW ENDS",Panipat Refinery,114,6153,31181504
BPCL-100687,BPCL,229,GASKET SPIRAL WOUND 100NB 800LB 316SS BUTTWELD,Mumbai Refinery,126,1649,31181504
ONGC-100688,ONGC,230,GASKET-SPIRAL-WOUND-BW-1/2IN-CL800-SS304,Uran Trombay,132,6091,31181504
IOCL-100689,IOCL,230,"GASKET SPIRAL WOUND, 1/2"", 800#, 304SS, BW ENDS",Paradip,135,4751,31181504
BPCL-100690,BPCL,230,GASKET SPIRAL WOUND DN15 800LB SS304 BUTTWELD,Kochi Refinery,95,3519,31181504
ONGC-100691,ONGC,231,VALVE-GLOBE-BW-1/2IN-CL800-WCB,Mumbai High Offshore,83,51006,40141612
IOCL-100692,IOCL,231,"VALVE GLOBE, 1/2"", 800#, ASTM A216 WCB, BW ENDS",Mathura Refinery,138,53492,40141612
BPCL-100693,BPCL,231,VALVE GLOBE DN15 800LB CAST CS BUTTWELD,Kochi Refinery,122,50546,40141612
ONGC-100694,ONGC,232,VALVE-GLOBE-BW-1/2IN-CL300-A105,Uran Trombay,104,52807,40141612
IOCL-100695,IOCL,232,"VALVE GLOBE, 1/2"", 300#, ASTM A105, BW ENDS",Panipat Refinery,131,54678,40141612
BPCL-100696,BPCL,232,VALVE GLOBE DN15 300LBS FORGED CS BUTTWELD,Kochi Refinery,61,50803,40141612
ONGC-100697,ONGC,233,VALVE-CHECK-RF-8IN-CL600-SS316,Hazira Plant,81,40363,40141604
IOCL-100698,IOCL,233,"VALVE CHECK, 8"", 600#, AISI 316, FLGD RF",Paradip,35,37787,40141604
BPCL-100699,BPCL,233,VALVE CHECK 200NB 600LBS 316SS RAISED FACE,Kochi Refinery,61,40226,40141604
ONGC-100700,ONGC,234,FLANGE-WELD-NECK-BW-1IN-CL300-WCB,Ankleshwar,18,12038,40173308
IOCL-100701,IOCL,234,"FLANGE WELD NECK, 1"", 300#, ASTM A216 WCB, BW ENDS",Mathura Refinery,38,13213,40173308
BPCL-100702,BPCL,234,FLANGE WELD NECK 25NB 300LBS CAST CS BUTTWELD,Bina Refinery,66,11962,40173308
ONGC-100703,ONGC,235,VALVE-GLOBE-RF-6IN-CL150-A105,Uran Trombay,77,51096,40141612
IOCL-100704,IOCL,235,"VALVE GLOBE, 6"", 150#, ASTM A105, FLGD RF",Panipat Refinery,109,50296,40141612
BPCL-100705,BPCL,235,VALVE GLOBE 150MM 150LBS FORGED CS RAISED FACE,Bina Refinery,24,53651,40141612
ONGC-100706,ONGC,236,VALVE-GLOBE-BW-2IN-CL150-SS304,Mumbai High Offshore,124,51697,40141612
IOCL-100707,IOCL,236,"VALVE GLOBE, 2"", 150#, 304SS, BW ENDS",Mathura Refinery,111,52446,40141612
BPCL-100708,BPCL,236,VALVE GLOBE 50NB 150LBS SS304 BUTTWELD,Bina Refinery,106,51179,40141612
ONGC-100709,ONGC,237,FLANGE-WELD-NECK-BW-3IN-CL600-SS304,Ankleshwar,103,12547,40173308
IOCL-100710,IOCL,237,"FLANGE WELD NECK, 3"", 600#, 304SS, BW ENDS",Mathura Refinery,45,11611,40173308
BPCL-100711,BPCL,237,FLANGE WELD NECK DN80 600LBS SS304 BUTTWELD,Kochi Refinery,0,12670,40173308
ONGC-100712,ONGC,238,VALVE-GLOBE-BW-1IN-CL150-SS316,Ankleshwar,97,54532,40141612
IOCL-100713,IOCL,238,"VALVE GLOBE, 1"", 150#, AISI 316, BW ENDS",Gujarat Refinery,73,50911,40141612
BPCL-100714,BPCL,238,VALVE GLOBE 25NB 150LBS 316SS BUTTWELD,Mumbai Refinery,19,51531,40141612
ONGC-100715,ONGC,239,GASKET-SPIRAL-WOUND-BW-1IN-CL150-SS304,Ankleshwar,147,3484,31181504
IOCL-100716,IOCL,239,"GASKET SPIRAL WOUND, 1"", 150#, 304SS, BW ENDS",Mathura Refinery,128,4904,31181504
BPCL-100717,BPCL,239,GASKET SPIRAL WOUND 25NB 150LBS SS304 BUTTWELD,Bina Refinery,125,2354,31181504
ONGC-100718,ONGC,240,VALVE-CHECK-RF-6IN-CL800-A105,Mumbai High Offshore,30,36774,40141604
IOCL-100719,IOCL,240,"VALVE CHECK, 6"", 800#, ASTM A105, FLGD RF",Gujarat Refinery,137,36846,40141604
BPCL-100720,BPCL,240,VALVE CHECK 150MM 800LB FORGED CS RAISED FACE,Mumbai Refinery,19,37932,40141604
ONGC-100721,ONGC,241,GASKET-SPIRAL-WOUND-RF-1/2IN-CL600-WCB,Uran Trombay,10,2299,31181504
IOCL-100722,IOCL,241,"GASKET SPIRAL WOUND, 1/2"", 600#, ASTM A216 WCB, FLGD RF",Paradip,94,1981,31181504
BPCL-100723,BPCL,241,GASKET SPIRAL WOUND DN15 600LBS CAST CS RAISED FACE,Bina Refinery,49,3831,31181504
ONGC-100724,ONGC,242,VALVE-GATE-BW-1/2IN-CL300-A105,Ankleshwar,126,58937,40141611
IOCL-100725,IOCL,242,"VALVE GATE, 1/2"", 300#, ASTM A105, BW ENDS",Mathura Refinery,117,61101,40141611
BPCL-100726,BPCL,242,VALVE GATE DN15 300LBS FORGED CS BUTTWELD,Kochi Refinery,106,58063,40141611
ONGC-100727,ONGC,243,FLANGE-WELD-NECK-RF-2IN-CL150-A105,Uran Trombay,90,14440,40173308
IOCL-100728,IOCL,243,"FLANGE WELD NECK, 2"", 150#, ASTM A105, FLGD RF",Panipat Refinery,21,11837,40173308
BPCL-100729,BPCL,243,FLANGE WELD NECK 50NB 150LBS FORGED CS RAISED FACE,Mumbai Refinery,70,11873,40173308
ONGC-100730,ONGC,244,FLANGE-WELD-NECK-BW-2IN-CL300-WCB,Mumbai High Offshore,33,11594,40173308
IOCL-100731,IOCL,244,"FLANGE WELD NECK, 2"", 300#, ASTM A216 WCB, BW ENDS",Paradip,55,12356,40173308
BPCL-100732,BPCL,244,FLANGE WELD NECK 50NB 300LBS CAST CS BUTTWELD,Kochi Refinery,20,12228,40173308
ONGC-100733,ONGC,245,VALVE-CHECK-BW-8IN-CL150-A105,Hazira Plant,116,38377,40141604
IOCL-100734,IOCL,245,"VALVE CHECK, 8"", 150#, ASTM A105, BW ENDS",Gujarat Refinery,124,39060,40141604
BPCL-100735,BPCL,245,VALVE CHECK 200NB 150LBS FORGED CS BUTTWELD,Bina Refinery,52,40499,40141604
ONGC-100736,ONGC,246,GASKET-SPIRAL-WOUND-BW-3IN-CL800-SS316,Hazira Plant,79,5647,31181504
IOCL-100737,IOCL,246,"GASKET SPIRAL WOUND, 3"", 800#, AISI 316, BW ENDS",Mathura Refinery,27,5572,31181504
BPCL-100738,BPCL,246,GASKET SPIRAL WOUND DN80 800LB 316SS BUTTWELD,Bina Refinery,110,2990,31181504
ONGC-100739,ONGC,247,VALVE-CHECK-RF-8IN-CL800-WCB,Mumbai High Offshore,22,36286,40141604
IOCL-100740,IOCL,247,"VALVE CHECK, 8"", 800#, ASTM A216 WCB, FLGD RF",Gujarat Refinery,40,39182,40141604
BPCL-100741,BPCL,247,VALVE CHECK 200NB 800LB CAST CS RAISED FACE,Kochi Refinery,53,40997,40141604
ONGC-100742,ONGC,248,VALVE-GATE-RF-2IN-CL800-A105,Hazira Plant,81,59326,40141611
IOCL-100743,IOCL,248,"VALVE GATE, 2"", 800#, ASTM A105, FLGD RF",Mathura Refinery,72,62929,40141611
BPCL-100744,BPCL,248,VALVE GATE 50NB 800LB FORGED CS RAISED FACE,Bina Refinery,148,58712,40141611
ONGC-100745,ONGC,249,FLANGE-WELD-NECK-RF-2IN-CL150-WCB,Uran Trombay,105,12447,40173308
IOCL-100746,IOCL,249,"FLANGE WELD NECK, 2"", 150#, ASTM A216 WCB, FLGD RF",Gujarat Refinery,1,12066,40173308
BPCL-100747,BPCL,249,FLANGE WELD NECK 50NB 150LBS CAST CS RAISED FACE,Mumbai Refinery,45,11420,40173308
ONGC-100748,ONGC,250,GASKET-SPIRAL-WOUND-BW-4IN-CL300-A105,Mumbai High Offshore,3,4319,31181504
IOCL-100749,IOCL,250,"GASKET SPIRAL WOUND, 4"", 300#, ASTM A105, BW ENDS",Paradip,103,2061,31181504
BPCL-100750,BPCL,250,GASKET SPIRAL WOUND 100NB 300LBS FORGED CS BUTTWELD,Kochi Refinery,110,2227,31181504
